,City,Cloudiness,Humidity,Latitude,Longitude,Temperature,Wind Speed,Date
0,vaini,20,65,-21.2,-175.2,80.6,9.17,12/10/2017
1,rikitea,76,100,-23.12,-134.97,77.14,19.42,12/10/2017
2,punta arenas,75,81,-53.15,-70.92,46.4,5.82,12/10/2017
3,ushuaia,40,75,-54.8,-68.3,44.6,4.7,12/10/2017
4,hermanus,0,96,-34.42,19.23,44.74,3.6,12/10/2017
5,bredasdorp,48,100,-34.53,20.04,59.86,4.21,12/10/2017
6,port elizabeth,0,87,-33.92,25.57,57.2,9.17,12/10/2017
7,port alfred,88,100,-33.59,26.89,61.07,7.29,12/10/2017
8,east london,100,100,-33.02,27.91,64.09,10.02,12/10/2017
9,busselton,0,100,-33.65,115.33,66.79,15.12,12/10/2017
10,albany,90,80,42.65,-73.76,33.82,8.05,12/10/2017
11,new norfolk,75,47,-42.78,147.06,77.0,10.29,12/10/2017
12,hobart,75,47,-42.88,147.33,77.0,10.29,12/10/2017
13,bluff,0,100,-46.6,168.33,55.45,31.12,12/10/2017
14,cape town,0,72,-33.93,18.42,62.6,11.41,12/10/2017
15,kruisfontein,0,90,-34.0,24.73,55.04,7.52,12/10/2017
16,mar del plata,0,67,-38.0,-57.56,57.2,4.7,12/10/2017
17,saint-philippe,20,69,-21.36,55.77,77.97,6.93,12/10/2017
18,chuy,0,83,-33.7,-53.46,61.84,10.87,12/10/2017
19,avarua,90,94,-21.21,-159.78,77.0,14.99,12/10/2017
20,tuatapere,56,100,-46.13,167.68,51.4,20.09,12/10/2017
21,cidreira,76,88,-30.18,-50.21,66.7,14.94,12/10/2017
22,souillac,20,88,-20.52,57.52,75.2,7.85,12/10/2017
23,portland,90,100,45.52,-122.68,46.99,5.82,12/10/2017
24,castro,64,94,-24.79,-50.01,65.12,7.85,12/10/2017
25,mount gambier,68,100,-37.83,140.77,68.77,6.85,12/10/2017
26,arraial do cabo,56,93,-22.97,-42.03,75.2,9.86,12/10/2017
27,rocha,0,66,-34.48,-54.33,59.72,10.09,12/10/2017
28,jamestown,90,100,42.1,-79.24,37.45,8.05,12/10/2017
29,mahebourg,20,88,-20.41,57.7,75.2,7.85,12/10/2017
30,dunedin,48,75,-45.87,170.5,52.34,20.83,12/10/2017
31,rio gallegos,20,54,-51.62,-69.22,53.6,4.7,12/10/2017
32,rawson,0,75,-43.3,-65.1,60.94,12.55,12/10/2017
33,necochea,12,64,-38.55,-58.74,59.59,13.67,12/10/2017
34,port lincoln,0,81,-34.73,135.87,69.58,24.23,12/10/2017
35,coihaique,75,71,-45.58,-72.07,53.31,4.7,12/10/2017
36,comodoro rivadavia,0,40,-45.87,-67.5,69.8,12.75,12/10/2017
37,plettenberg bay,8,100,-34.05,23.37,58.33,4.32,12/10/2017
38,esperance,92,70,-33.87,121.9,63.14,20.6,12/10/2017
39,christchurch,88,31,-43.53,172.63,75.2,18.34,12/10/2017
40,saldanha,0,80,-33.01,17.94,57.97,20.54,12/10/2017
41,margate,8,100,51.38,1.39,32.88,4.7,12/10/2017
42,burnie,92,90,-41.07,145.92,66.02,15.35,12/10/2017
43,otautau,44,80,-46.15,168.0,52.84,21.83,12/10/2017
44,waitati,48,75,-45.75,170.57,52.34,20.83,12/10/2017
45,viedma,32,30,-40.81,-63.0,68.41,9.86,12/10/2017
46,te anau,64,74,-45.42,167.72,50.86,8.23,12/10/2017
47,wanaka,0,36,-44.7,169.15,61.39,8.52,12/10/2017
48,rakaia,100,31,-43.75,172.02,75.2,18.34,12/10/2017
49,waipawa,44,52,-41.41,175.52,66.2,17.22,12/10/2017
50,ancud,0,89,-41.87,-73.82,48.74,2.19,12/10/2017
51,puerto montt,0,76,-41.47,-72.94,51.8,4.7,12/10/2017
52,trelew,0,37,-43.25,-65.31,59.77,6.73,12/10/2017
53,puerto madryn,0,72,-42.77,-65.04,60.85,9.08,12/10/2017
54,launceston,40,73,-41.45,147.17,71.6,4.7,12/10/2017
55,batemans bay,24,54,-35.72,150.18,87.94,5.73,12/10/2017
56,valdivia,0,93,-39.81,-73.25,50.0,4.32,12/10/2017
57,panguipulli,0,93,-39.63,-72.33,50.0,2.48,12/10/2017
58,neuquen,0,24,-38.95,-68.06,65.57,8.57,12/10/2017
59,tres arroyos,20,43,-38.37,-60.28,63.01,12.66,12/10/2017
60,maldonado,0,67,-34.9,-54.95,60.8,8.05,12/10/2017
61,rio grande,76,84,-32.03,-52.1,68.54,16.58,12/10/2017
62,laguna,20,75,38.42,-121.42,47.16,3.2,12/10/2017
63,victor harbor,0,41,-35.57,138.62,78.8,18.34,12/10/2017
64,colac,76,60,-38.33,143.58,80.02,8.12,12/10/2017
65,lakes entrance,44,42,-37.88,147.98,89.15,6.22,12/10/2017
66,ulladulla,12,55,-35.35,150.47,86.0,10.29,12/10/2017
67,westport,75,70,41.14,-73.36,41.85,4.7,12/10/2017
68,takaka,76,79,-40.85,172.8,64.63,11.43,12/10/2017
69,takapau,68,39,-40.03,176.35,70.97,18.14,12/10/2017
70,lebu,0,96,-37.62,-73.65,54.19,18.37,12/10/2017
71,mulchen,0,88,-37.72,-72.23,46.27,3.71,12/10/2017
72,santa rosa,75,100,14.31,121.11,80.6,4.7,12/10/2017
73,bambous virieux,20,88,-20.34,57.76,75.2,7.85,12/10/2017
74,geelong,12,21,-38.15,144.36,97.21,28.86,12/10/2017
75,nelson bay,0,30,-32.72,152.15,98.6,12.75,12/10/2017
76,okato,44,85,-39.2,173.88,66.16,16.35,12/10/2017
77,mamaku,32,44,-38.1,176.08,72.91,9.42,12/10/2017
78,parral,0,48,-36.15,-71.83,66.2,8.05,12/10/2017
79,san rafael,68,29,-34.62,-68.33,70.84,7.52,12/10/2017
80,general pico,80,35,-35.66,-63.76,68.68,14.67,12/10/2017
81,veinticinco de mayo,24,55,-35.43,-60.17,59.95,7.52,12/10/2017
82,paso de carrasco,0,72,-34.86,-56.05,59.0,10.29,12/10/2017
83,luderitz,0,77,-26.65,15.16,60.8,14.99,12/10/2017
84,richards bay,92,100,-28.78,32.04,67.96,14.61,12/10/2017
85,flinders,8,55,-34.58,150.86,86.0,10.29,12/10/2017
86,murray bridge,0,91,-35.12,139.27,73.85,10.36,12/10/2017
87,swan hill,76,37,-35.34,143.55,95.72,14.56,12/10/2017
88,tumut,48,50,-35.3,148.22,86.23,6.4,12/10/2017
89,port macquarie,12,49,-31.43,152.92,89.6,14.99,12/10/2017
90,ahipara,0,67,-35.17,173.17,71.47,13.67,12/10/2017
91,whitianga,20,94,-36.83,175.7,72.01,10.65,12/10/2017
92,constitucion,0,94,-35.33,-72.42,54.46,11.1,12/10/2017
93,san antonio,90,100,29.42,-98.49,58.21,4.7,12/10/2017
94,rio cuarto,0,42,-33.13,-64.35,66.2,13.87,12/10/2017
95,san pedro,75,100,14.35,121.02,80.6,4.7,12/10/2017
96,florida,1,100,28.75,-82.5,66.42,4.61,12/10/2017
97,santa vitoria do palmar,0,83,-33.52,-53.37,61.84,10.87,12/10/2017
98,sao joao da barra,12,100,-21.64,-41.05,77.27,21.21,12/10/2017
99,robertson,8,55,-34.58,150.6,86.0,10.29,12/10/2017
100,saint-joseph,20,69,-21.37,55.62,77.99,6.93,12/10/2017
101,geraldton,20,40,-28.77,114.6,73.4,20.8,12/10/2017
102,collie,0,62,-33.37,116.15,67.24,13.27,12/10/2017
103,young,24,62,-32.68,-57.63,63.5,10.31,12/10/2017
104,sydney,0,52,-33.87,151.21,100.2,23.04,12/10/2017
105,ngunguru,0,82,-35.62,174.5,73.54,2.48,12/10/2017
106,valparaiso,0,55,-33.04,-71.63,62.6,6.93,12/10/2017
107,la ligua,0,55,-32.45,-71.23,62.6,6.93,12/10/2017
108,san juan,0,43,-31.54,-68.54,69.62,4.61,12/10/2017
109,rio tercero,92,41,-32.17,-64.11,69.44,11.77,12/10/2017
110,parana,68,65,-31.73,-60.52,63.82,8.3,12/10/2017
111,tacuarembo,24,59,-31.73,-55.98,67.06,14.12,12/10/2017
112,oranjemund,0,95,-28.55,16.43,61.48,23.96,12/10/2017
113,calvinia,0,78,-31.47,19.78,53.15,7.63,12/10/2017
114,graaff-reinet,92,96,-32.25,24.53,51.04,3.6,12/10/2017
115,butterworth,75,54,5.4,100.36,84.2,11.41,12/10/2017
116,beloha,0,89,-25.17,45.05,71.87,3.04,12/10/2017
117,carnarvon,0,84,-24.87,113.63,75.2,19.37,12/10/2017
118,perth,20,40,-31.93,115.83,69.19,12.75,12/10/2017
119,port augusta,0,23,-32.5,137.77,87.8,14.99,12/10/2017
120,broken hill,100,21,-31.95,141.43,99.59,26.75,12/10/2017
121,dubbo,12,21,-32.25,148.62,100.4,20.8,12/10/2017
122,taree,8,49,-31.9,152.47,89.6,14.99,12/10/2017
123,sawtell,32,58,-30.38,153.1,82.4,18.34,12/10/2017
124,russell,1,60,38.9,-98.86,38.43,9.17,12/10/2017
125,alofi,100,100,-19.06,-169.92,74.17,28.25,12/10/2017
126,coquimbo,0,87,-29.95,-71.34,59.0,2.24,12/10/2017
127,la rioja,0,73,42.25,-2.5,34.66,11.1,12/10/2017
128,cordoba,0,48,-31.41,-64.18,66.2,11.41,12/10/2017
129,reconquista,32,65,-29.15,-59.65,73.0,8.86,12/10/2017
130,alegrete,80,66,-29.78,-55.79,69.49,16.69,12/10/2017
131,butia,20,80,-30.12,-51.96,66.43,16.28,12/10/2017
132,imbituba,75,94,-28.24,-48.67,69.8,5.82,12/10/2017
133,vila velha,20,88,-20.33,-40.29,75.2,4.7,12/10/2017
134,de aar,8,80,-30.65,24.01,53.15,9.08,12/10/2017
135,quthing,92,100,-30.4,27.7,51.17,1.7,12/10/2017
136,ballitoville,100,96,-29.54,31.21,65.35,12.37,12/10/2017
137,northam,0,100,51.03,-4.22,31.73,1.12,12/10/2017
138,yulara,90,9,-25.24,130.99,95.0,6.93,12/10/2017
139,narrabri,0,40,-30.32,149.78,94.06,11.77,12/10/2017
140,armidale,0,72,-30.52,151.65,81.5,5.73,12/10/2017
141,ballina,8,82,-28.87,153.57,81.64,13.89,12/10/2017
142,byron bay,8,65,-28.65,153.62,82.4,18.34,12/10/2017
143,noumea,75,51,-22.28,166.46,84.2,17.22,12/10/2017
144,kaeo,0,38,-35.1,173.78,78.35,11.54,12/10/2017
145,puerto ayora,32,97,-0.74,-90.35,71.11,9.53,12/10/2017
146,pisco,0,93,-13.7,-76.22,66.2,13.87,12/10/2017
147,vallenar,80,72,-28.57,-70.76,64.4,1.07,12/10/2017
148,santiago del estero,92,69,-27.8,-64.26,75.97,9.53,12/10/2017
149,resistencia,0,73,-27.46,-58.98,75.11,4.7,12/10/2017
150,posadas,0,69,-27.37,-55.9,78.8,6.93,12/10/2017
151,tapejara,68,74,-28.07,-52.01,72.77,11.92,12/10/2017
152,florianopolis,75,94,-27.6,-48.55,69.8,5.82,12/10/2017
153,ilhabela,32,98,-23.78,-45.36,75.65,4.83,12/10/2017
154,karasburg,0,53,-28.02,18.75,55.09,5.28,12/10/2017
155,danielskuil,0,63,-28.19,23.54,50.5,2.75,12/10/2017
156,bethlehem,92,62,-28.23,28.31,64.27,1.48,12/10/2017
157,ulundi,92,99,-28.34,31.42,63.19,2.86,12/10/2017
158,xai-xai,0,100,-25.05,33.64,71.69,5.84,12/10/2017
159,ampanihy,0,90,-24.7,44.75,71.42,3.09,12/10/2017
160,alice springs,0,25,-23.7,133.88,100.4,13.87,12/10/2017
161,roma,0,68,41.89,12.48,33.82,5.82,12/10/2017
162,warwick,90,100,41.7,-71.42,36.09,2.59,12/10/2017
163,vao,24,100,-22.67,167.48,75.25,13.94,12/10/2017
164,taltal,8,87,-25.4,-70.48,59.14,2.3,12/10/2017
165,diego de almagro,88,64,-26.37,-70.05,64.0,2.82,12/10/2017
166,presidencia roque saenz pena,76,80,-26.79,-60.44,76.24,8.08,12/10/2017
167,abai,36,73,-26.03,-55.93,78.22,3.76,12/10/2017
168,pinhao,36,93,-25.7,-51.66,65.89,5.39,12/10/2017
169,pontal do parana,90,100,-25.67,-48.51,62.6,9.17,12/10/2017
170,guarapari,20,88,-20.67,-40.5,75.2,4.7,12/10/2017
171,walvis bay,0,100,-22.96,14.51,60.31,1.25,12/10/2017
172,werda,92,90,-25.27,23.28,64.45,9.31,12/10/2017
173,midrand,32,60,-25.96,28.14,68.05,9.42,12/10/2017
174,mhlume,32,95,-26.03,31.85,66.2,2.71,12/10/2017
175,inhambane,0,100,-23.86,35.38,72.01,5.88,12/10/2017
176,port hedland,0,39,-20.32,118.57,95.0,13.87,12/10/2017
177,mount isa,0,16,-20.73,139.5,105.8,11.41,12/10/2017
178,kingaroy,0,49,-26.53,151.83,87.8,5.39,12/10/2017
179,gold coast,0,65,-28.0,153.43,82.4,18.34,12/10/2017
180,antofagasta,0,77,-23.65,-70.4,64.4,5.82,12/10/2017
181,calama,0,77,-22.47,-68.93,60.8,13.87,12/10/2017
182,libertador general san martin,0,93,-23.81,-64.79,64.4,3.36,12/10/2017
183,lima,48,81,-12.04,-77.03,59.72,2.26,12/10/2017
184,barbosa ferraz,20,83,-24.03,-52.01,73.4,8.05,12/10/2017
185,capao bonito,44,92,-24.01,-48.35,69.17,5.99,12/10/2017
186,mangaratiba,0,92,-22.96,-44.04,71.29,1.7,12/10/2017
187,caravelas,64,100,-17.71,-39.25,78.04,9.57,12/10/2017
188,rehoboth,12,87,-23.32,17.08,53.15,2.04,12/10/2017
189,aranos,0,75,-24.13,19.12,65.62,4.83,12/10/2017
190,dutlwe,92,24,-23.98,23.9,82.9,8.52,12/10/2017
191,ellisras,0,46,-23.66,27.74,72.59,11.43,12/10/2017
192,phalaborwa,0,79,-23.94,31.14,70.25,8.3,12/10/2017
193,betioky,0,96,-23.72,44.38,68.5,3.98,12/10/2017
194,vangaindrano,24,94,-23.35,47.6,73.0,3.31,12/10/2017
195,farafangana,64,98,-22.82,47.83,78.44,13.82,12/10/2017
196,hithadhoo,88,100,-0.6,73.08,80.6,13.89,12/10/2017
197,bengkulu,0,100,-3.8,102.27,82.27,4.72,12/10/2017
198,broome,20,59,-17.97,122.23,89.6,12.75,12/10/2017
199,emerald,0,41,-23.53,148.17,92.53,7.29,12/10/2017
200,gladstone,36,85,-23.85,151.25,79.21,8.57,12/10/2017
201,koumac,64,63,-20.57,164.28,82.22,6.22,12/10/2017
202,bourail,68,51,-21.57,165.48,83.53,6.55,12/10/2017
203,isangel,80,100,-19.55,169.27,77.27,15.28,12/10/2017
204,pangai,20,74,-19.8,-174.35,80.6,11.41,12/10/2017
205,hualmay,20,94,-11.1,-77.61,61.97,4.5,12/10/2017
206,tocopilla,56,96,-22.09,-70.2,60.76,1.86,12/10/2017
207,yacuiba,68,92,-22.04,-63.68,65.75,2.98,12/10/2017
208,filadelfia,0,94,-22.35,-60.03,78.22,2.98,12/10/2017
209,bela vista,48,97,-22.11,-56.52,71.87,3.31,12/10/2017
210,presidente venceslau,0,65,-21.88,-51.84,77.0,12.75,12/10/2017
211,ibate,0,69,-21.95,-48.0,77.0,2.24,12/10/2017
212,lima duarte,8,94,-21.84,-43.79,61.97,3.2,12/10/2017
213,georgetown,0,94,6.8,-58.16,73.4,4.7,12/10/2017
214,karibib,0,86,-21.93,15.83,57.88,3.09,12/10/2017
215,gobabis,88,88,-22.45,18.97,68.0,1.12,12/10/2017
216,tobane,0,50,-21.95,27.9,69.13,11.92,12/10/2017
217,chiredzi,0,77,-21.05,31.67,74.8,7.4,12/10/2017
218,ankazoabo,0,91,-22.28,44.52,69.35,2.86,12/10/2017
219,manakara,56,99,-22.13,48.02,75.25,9.57,12/10/2017
220,saint-leu,20,69,-21.15,55.28,77.94,6.93,12/10/2017
221,labuhan,68,100,-6.88,112.21,82.67,16.46,12/10/2017
222,karratha,0,10,-20.74,116.85,99.82,5.55,12/10/2017
223,charters towers,0,62,-20.1,146.27,87.13,5.99,12/10/2017
224,moranbah,0,38,-22.0,148.05,92.39,7.07,12/10/2017
225,yeppoon,20,43,-23.13,150.73,87.8,10.29,12/10/2017
226,poum,24,100,-20.23,164.02,78.76,11.65,12/10/2017
227,voh,8,94,-20.97,164.7,78.49,17.07,12/10/2017
228,tadine,0,92,-21.55,167.88,78.31,15.68,12/10/2017
229,moerai,56,100,-22.43,-151.33,79.03,4.76,12/10/2017
230,teahupoo,40,66,-17.83,-149.27,86.0,10.29,12/10/2017
231,tautira,40,66,-17.73,-149.15,86.0,10.29,12/10/2017
232,camana,92,100,-16.62,-72.71,65.35,5.55,12/10/2017
233,iquique,0,73,-20.22,-70.14,69.8,8.05,12/10/2017
234,uyuni,68,86,-20.46,-66.83,41.72,2.86,12/10/2017
235,monteagudo,64,96,-19.82,-63.98,60.04,1.59,12/10/2017
236,miranda,20,78,3.25,-76.23,73.4,9.17,12/10/2017
237,tres lagoas,56,86,-20.75,-51.68,74.62,4.99,12/10/2017
238,miguelopolis,0,69,-20.18,-48.03,75.2,3.36,12/10/2017
239,ibirite,0,69,-20.02,-44.06,72.43,9.17,12/10/2017
240,serra,20,88,-20.13,-40.31,75.2,4.7,12/10/2017
241,namibe,0,100,-15.2,12.15,71.29,1.36,12/10/2017
242,opuwo,12,82,-18.06,13.84,59.23,3.2,12/10/2017
243,outjo,12,93,-20.12,16.15,64.4,1.12,12/10/2017
244,grootfontein,76,97,-19.57,18.12,63.05,4.54,12/10/2017
245,maun,92,39,-19.98,23.42,81.73,4.05,12/10/2017
246,bulawayo,0,63,-20.15,28.58,67.82,7.07,12/10/2017
247,chipinge,0,95,-20.19,32.62,69.17,2.82,12/10/2017
248,beira,0,90,-19.84,34.84,77.27,4.21,12/10/2017
249,morondava,44,100,-20.28,44.28,76.78,5.21,12/10/2017
250,marolambo,64,88,-20.05,48.12,62.15,3.2,12/10/2017
251,sainte-suzanne,20,57,-20.91,55.61,77.81,9.17,12/10/2017
252,kununurra,75,44,-15.77,128.73,95.0,9.17,12/10/2017
253,bowen,0,51,-20.02,148.23,86.0,12.75,12/10/2017
254,mackay,0,62,-21.15,149.2,84.2,12.75,12/10/2017
255,bundaberg,0,92,-24.85,152.35,79.93,8.08,12/10/2017
256,neiafu,75,65,-18.65,-173.98,82.4,8.05,12/10/2017
257,vaitape,64,100,-16.52,-151.75,83.26,8.12,12/10/2017
258,tevaitoa,20,100,-16.78,-151.5,83.17,7.11,12/10/2017
259,acari,0,91,-15.43,-74.62,57.02,2.26,12/10/2017
260,ilo,56,96,-17.64,-71.34,60.49,3.87,12/10/2017
261,mairana,56,94,-18.12,-63.93,58.69,2.08,12/10/2017
262,coxim,48,90,-18.51,-54.76,73.22,4.99,12/10/2017
263,jatai,48,93,-17.88,-51.71,67.82,8.75,12/10/2017
264,catalao,68,83,-18.17,-47.95,68.95,2.04,12/10/2017
265,diamantina,36,96,-18.25,-43.6,65.44,5.21,12/10/2017
266,montanha,80,95,-18.13,-40.36,70.39,4.83,12/10/2017
267,belmonte,40,83,-15.86,-38.88,77.0,9.17,12/10/2017
268,ondangwa,76,96,-17.92,15.95,66.29,3.31,12/10/2017
269,rundu,32,78,-17.93,19.77,71.6,1.12,12/10/2017
270,sinazongwe,36,89,-17.26,27.46,74.08,7.63,12/10/2017
271,marondera,0,82,-18.19,31.55,66.2,11.41,12/10/2017
272,quelimane,24,89,-17.88,36.89,75.97,4.32,12/10/2017
273,miandrivazo,88,85,-19.52,45.47,72.59,3.71,12/10/2017
274,anjozorobe,40,93,-18.4,47.87,62.6,3.36,12/10/2017
275,grand baie,20,88,-20.02,57.58,75.2,14.38,12/10/2017
276,grand gaube,20,88,-20.01,57.66,75.2,14.38,12/10/2017
277,quatre cocos,20,88,-20.21,57.76,75.2,7.85,12/10/2017
278,katherine,40,49,-14.47,132.27,93.2,8.05,12/10/2017
279,atherton,75,100,53.52,-2.49,37.58,3.36,12/10/2017
280,ayr,75,93,55.46,-4.63,48.2,5.82,12/10/2017
281,vila,90,100,42.03,-8.16,50.0,2.59,12/10/2017
282,faanui,24,100,-16.48,-151.75,83.12,7.9,12/10/2017
283,tiarei,40,66,-17.53,-149.33,86.0,10.29,12/10/2017
284,atuona,88,100,-9.8,-139.03,79.25,11.92,12/10/2017
285,huarmey,0,88,-10.07,-78.15,61.34,2.98,12/10/2017
286,lluta,75,76,-16.01,-72.01,55.4,2.24,12/10/2017
287,coroico,75,81,-16.19,-67.73,44.6,9.17,12/10/2017
288,ascension,88,84,-15.7,-63.08,76.15,2.98,12/10/2017
289,santo antonio do leverger,40,94,-15.87,-56.08,77.0,3.36,12/10/2017
290,aragarcas,24,87,-15.9,-52.25,72.5,2.53,12/10/2017
291,brasilia,0,82,-15.78,-47.93,68.0,3.36,12/10/2017
292,sao joao da ponte,24,82,-15.93,-44.01,71.2,9.53,12/10/2017
293,itarantim,92,98,-15.66,-40.07,69.89,5.84,12/10/2017
294,maceio,20,83,-9.67,-35.74,75.2,2.24,12/10/2017
295,ondjiva,80,99,-17.07,15.73,65.44,4.21,12/10/2017
296,senanga,44,88,-16.12,23.27,67.64,4.09,12/10/2017
297,mazabuka,8,91,-15.86,27.75,66.47,3.71,12/10/2017
298,mount darwin,80,88,-16.77,31.58,70.12,8.9,12/10/2017
299,phalombe,88,99,-15.81,35.65,68.23,5.99,12/10/2017
300,mahajanga,75,88,-15.72,46.32,75.2,4.7,12/10/2017
301,tsaratanana,36,81,-16.78,47.65,68.72,3.27,12/10/2017
302,antalaha,88,98,-14.9,50.28,74.71,10.02,12/10/2017
303,cap malheureux,20,88,-19.98,57.61,75.2,14.38,12/10/2017
304,bambanglipuro,88,93,-7.95,110.28,78.89,5.84,12/10/2017
305,alyangula,0,84,-13.85,136.42,90.19,6.22,12/10/2017
306,mareeba,40,52,-17.0,145.43,91.4,16.11,12/10/2017
307,cairns,40,52,-16.92,145.77,91.4,16.11,12/10/2017
308,samarai,88,100,-10.62,150.67,82.04,28.14,12/10/2017
309,luganville,76,98,-15.53,167.17,81.77,13.56,12/10/2017
310,lakatoro,48,72,-16.1,167.42,84.52,9.35,12/10/2017
311,pata,100,98,17.72,121.5,68.99,6.29,12/10/2017
312,san cristobal,40,78,7.77,-72.22,77.0,0.85,12/10/2017
313,subtanjalla,0,93,-14.02,-75.76,66.2,13.87,12/10/2017
314,santo tomas,75,100,14.11,121.14,80.6,4.7,12/10/2017
315,rurrenabaque,92,99,-14.44,-67.53,71.42,1.81,12/10/2017
316,san ramon,1,57,37.78,-121.98,51.24,2.59,12/10/2017
317,vilhena,76,98,-12.74,-60.15,69.76,1.81,12/10/2017
318,diamantino,24,94,-14.41,-56.45,71.74,2.71,12/10/2017
319,mozarlandia,0,86,-14.74,-50.57,72.05,3.27,12/10/2017
320,cavalcante,32,86,-13.8,-47.46,67.55,2.75,12/10/2017
321,carinhanha,32,74,-14.3,-43.77,74.71,10.42,12/10/2017
322,jitauna,92,97,-14.02,-39.89,71.74,3.98,12/10/2017
323,camacari,75,83,-12.7,-38.32,78.8,9.17,12/10/2017
324,coruripe,92,95,-10.13,-36.18,78.58,11.25,12/10/2017
325,maragogi,88,92,-9.01,-35.22,75.07,6.62,12/10/2017
326,caconda,80,99,-13.73,15.07,62.02,5.39,12/10/2017
327,luena,88,98,-11.78,19.92,62.2,3.53,12/10/2017
328,kabompo,92,99,-13.59,24.2,64.63,5.77,12/10/2017
329,mpongwe,68,100,-13.51,28.16,63.05,3.49,12/10/2017
330,mangochi,92,100,-14.48,35.26,68.77,4.54,12/10/2017
331,boueni,20,94,-12.9,45.08,75.2,5.82,12/10/2017
332,ambanja,12,100,-13.68,48.45,68.45,2.53,12/10/2017
333,sambava,92,100,-14.27,50.17,76.96,16.46,12/10/2017
334,srandakan,88,93,-7.94,110.25,78.89,5.84,12/10/2017
335,praya,40,74,-8.71,116.27,84.2,9.17,12/10/2017
336,waingapu,76,89,-9.66,120.26,80.87,8.01,12/10/2017
337,kupang,40,74,-10.17,123.58,86.0,8.05,12/10/2017
338,port keats,32,97,-14.25,129.55,88.66,4.76,12/10/2017
339,gizo,68,100,-8.1,156.84,82.63,9.57,12/10/2017
340,kirakira,32,100,-10.45,161.92,84.52,14.79,12/10/2017
341,sola,92,100,-13.88,167.55,77.72,10.92,12/10/2017
342,asau,40,92,46.43,26.4,26.6,1.12,12/10/2017
343,fare,20,100,-16.7,-151.02,83.17,7.11,12/10/2017
344,pimentel,0,88,-6.84,-79.93,68.0,14.99,12/10/2017
345,chimbote,0,93,-9.09,-78.58,64.09,5.39,12/10/2017
346,pangoa,20,98,-12.12,-73.0,65.3,2.19,12/10/2017
347,cobija,36,88,-11.03,-68.77,76.82,3.09,12/10/2017
348,alta floresta,64,96,-9.88,-56.09,72.73,1.97,12/10/2017
349,sao miguel do araguaia,48,86,-13.28,-50.16,76.06,7.52,12/10/2017
350,ibotirama,44,93,-12.19,-43.22,69.17,2.08,12/10/2017
351,baixa grande,80,88,-11.96,-40.17,71.65,4.05,12/10/2017
352,aracaju,40,78,-10.91,-37.07,78.8,12.75,12/10/2017
353,sao jose da coroa grande,88,92,-8.9,-35.15,75.07,6.62,12/10/2017
354,benguela,24,100,-12.58,13.41,72.82,0.85,12/10/2017
355,huambo,92,97,-12.78,15.74,61.93,2.75,12/10/2017
356,mwinilunga,92,99,-11.74,24.43,62.65,3.71,12/10/2017
357,chililabombwe,92,100,-12.36,27.82,63.14,4.21,12/10/2017
358,mpika,92,95,-11.83,31.45,63.37,3.53,12/10/2017
359,tingi,80,100,-11.3,35.03,74.57,3.04,12/10/2017
360,pemba,92,100,-12.97,40.52,75.61,4.99,12/10/2017
361,fomboni,88,100,-12.28,43.74,80.6,9.24,12/10/2017
362,ambilobe,80,92,-13.2,49.05,74.26,3.49,12/10/2017
363,kroya,68,100,-7.63,109.25,79.66,3.38,12/10/2017
364,kanigoro,92,100,-8.13,112.22,78.4,9.64,12/10/2017
365,nhulunbuy,40,46,-12.23,136.77,93.2,13.87,12/10/2017
366,daru,12,98,-9.08,143.21,84.88,8.41,12/10/2017
367,port moresby,40,66,-9.44,147.18,87.8,9.17,12/10/2017
368,lata,0,100,40.16,-8.33,37.4,3.36,12/10/2017
369,sechura,24,81,-5.56,-80.82,69.62,12.03,12/10/2017
370,chicama,20,93,-7.84,-79.15,66.2,9.17,12/10/2017
371,ambo,92,97,-10.13,-76.2,48.88,1.52,12/10/2017
372,porto walter,8,95,-8.27,-72.74,75.29,2.26,12/10/2017
373,rio branco,90,88,-9.97,-67.81,71.6,3.36,12/10/2017
374,ariquemes,88,97,-9.91,-63.04,73.0,2.08,12/10/2017
375,aripuana,64,98,-9.17,-60.63,73.72,2.19,12/10/2017
376,palmas,40,94,-10.21,-48.36,75.2,1.12,12/10/2017
377,bom jesus,56,86,-9.07,-44.36,72.01,0.51,12/10/2017
378,jaguarari,48,66,-10.26,-40.2,73.94,12.55,12/10/2017
379,olinda,40,74,-8.01,-34.86,80.6,8.05,12/10/2017
380,luanda,75,88,-8.84,13.23,75.2,2.24,12/10/2017
381,malanje,64,97,-9.54,16.34,67.37,4.76,12/10/2017
382,saurimo,88,99,-9.66,20.39,64.67,2.75,12/10/2017
383,kamina,88,99,-8.74,24.99,66.74,2.48,12/10/2017
384,mwense,92,100,-10.38,28.7,62.92,2.86,12/10/2017
385,chinsali,92,100,-10.54,32.08,61.34,4.05,12/10/2017
386,mahanje,92,98,-9.93,35.33,67.69,5.32,12/10/2017
387,lindi,92,95,-10.0,39.72,74.44,3.38,12/10/2017
388,mitsamiouli,48,100,-11.38,43.28,79.57,8.52,12/10/2017
389,victoria,90,87,48.43,-123.37,43.77,6.93,12/10/2017
390,padang,0,100,-0.95,100.35,82.4,8.12,12/10/2017
391,kawalu,80,87,-7.38,108.21,74.08,2.71,12/10/2017
392,soe,92,95,-9.86,124.28,72.14,2.26,12/10/2017
393,merauke,44,70,-8.47,140.33,90.19,8.01,12/10/2017
394,honiara,40,74,-9.43,159.95,86.0,9.17,12/10/2017
395,cruzeiro do sul,76,83,-29.51,-51.99,64.63,5.32,12/10/2017
396,boca do acre,64,97,-8.75,-67.4,73.54,2.3,12/10/2017
397,porto velho,40,94,-8.76,-63.9,75.2,2.75,12/10/2017
398,sao felix do xingu,80,98,-6.64,-51.99,70.52,1.74,12/10/2017
399,araguaina,100,97,-7.19,-48.21,72.1,2.86,12/10/2017
400,urucui,76,93,-7.23,-44.56,71.38,2.75,12/10/2017
401,ouricuri,92,62,-7.88,-40.08,72.28,2.75,12/10/2017
402,toritama,56,94,-8.01,-36.06,68.05,4.21,12/10/2017
403,itamaraca,40,74,-7.75,-34.83,79.36,8.05,12/10/2017
404,pitimbu,20,74,-7.47,-34.81,78.8,9.17,12/10/2017
405,gamba,64,100,-2.65,10.0,74.57,1.81,12/10/2017
406,camabatela,92,98,-8.19,15.38,66.92,3.27,12/10/2017
407,lucapa,92,99,-8.42,20.74,67.15,2.37,12/10/2017
408,kaniama,56,100,-7.57,24.18,65.57,2.26,12/10/2017
409,manono,92,100,-7.3,27.42,68.86,3.76,12/10/2017
410,sumbawanga,92,100,-7.97,31.62,64.36,4.05,12/10/2017
411,ilula,92,95,-7.68,36.04,62.47,1.97,12/10/2017
412,kilindoni,48,100,-7.91,39.67,82.85,15.28,12/10/2017
413,tulungagung,68,87,-8.07,111.9,78.62,6.62,12/10/2017
414,mataram,40,74,-8.58,116.12,84.2,9.17,12/10/2017
415,ruteng,36,87,-8.61,120.47,80.11,4.05,12/10/2017
416,atambua,92,100,-9.11,124.89,76.78,9.08,12/10/2017
417,tual,88,100,-5.67,132.75,81.5,11.59,12/10/2017
418,popondetta,36,62,-8.75,148.25,81.19,1.7,12/10/2017
419,buala,64,88,-8.14,159.59,84.2,7.07,12/10/2017
420,paita,36,79,-5.09,-81.11,69.62,6.22,12/10/2017
421,olmos,8,89,-5.98,-79.75,67.87,2.04,12/10/2017
422,yurimaguas,20,86,-5.9,-76.08,77.41,2.86,12/10/2017
423,jutai,88,98,-5.18,-68.9,74.26,3.38,12/10/2017
424,canutama,80,97,-6.53,-64.38,73.54,3.98,12/10/2017
425,novo aripuana,92,98,-5.12,-60.38,73.4,2.19,12/10/2017
426,jacareacanga,92,98,-6.22,-57.75,72.91,2.04,12/10/2017
427,colinas,92,91,-6.03,-44.25,73.0,2.08,12/10/2017
428,sao tome,92,100,0.34,6.73,79.3,8.63,12/10/2017
429,cabedelo,20,74,-6.98,-34.83,78.8,9.17,12/10/2017
430,port-gentil,92,100,-0.72,8.78,79.07,4.5,12/10/2017
431,omboue,68,100,-1.57,9.26,78.58,2.19,12/10/2017
432,mayumba,92,100,-3.43,10.66,76.87,3.04,12/10/2017
433,kasongo-lunda,56,100,-6.47,16.82,69.49,2.08,12/10/2017
434,tshikapa,92,100,-6.42,20.8,68.9,2.26,12/10/2017
435,mbuji-mayi,56,95,-6.15,23.6,67.37,2.75,12/10/2017
436,kabalo,88,100,-6.05,26.92,70.66,4.76,12/10/2017
437,inyonga,92,97,-6.72,32.07,61.52,3.53,12/10/2017
438,msanga,64,84,-6.05,36.03,64.99,6.89,12/10/2017
439,sokoni,44,100,-6.43,39.55,79.79,15.68,12/10/2017
440,micheweni,64,100,-4.97,39.83,80.74,16.17,12/10/2017
441,meulaboh,32,100,4.14,96.13,80.65,4.27,12/10/2017
442,pringsewu,0,83,-5.36,104.97,81.05,4.38,12/10/2017
443,pamanukan,92,100,-6.28,107.81,79.39,12.82,12/10/2017
444,lasem,76,98,-6.69,111.45,82.85,13.33,12/10/2017
445,singaraja,75,74,-8.11,115.09,84.2,16.11,12/10/2017
446,ambon,40,62,-3.7,128.18,89.6,8.05,12/10/2017
447,nabire,8,72,-3.37,135.48,81.55,2.75,12/10/2017
448,kiunga,8,67,-6.12,141.29,88.97,2.98,12/10/2017
449,mount hagen,20,84,-5.86,144.23,66.47,2.53,12/10/2017
450,finschhafen,48,93,-6.6,147.87,79.21,2.08,12/10/2017
451,kokopo,64,100,-4.35,152.26,81.5,10.25,12/10/2017
452,kieta,12,97,-6.22,155.63,85.15,10.54,12/10/2017
453,auki,56,100,-8.77,160.7,81.73,6.62,12/10/2017
454,talara,36,79,-4.58,-81.27,69.62,6.22,12/10/2017
455,barranca,8,100,-10.75,-77.77,64.27,9.24,12/10/2017
456,iquitos,75,78,-3.75,-73.25,82.4,3.36,12/10/2017
457,santo antonio do ica,36,95,-3.1,-67.94,74.53,2.08,12/10/2017
458,coari,44,97,-4.08,-63.14,73.49,7.29,12/10/2017
459,borba,92,100,-4.39,-59.59,73.72,2.08,12/10/2017
460,itaituba,88,100,-4.28,-55.98,73.36,3.04,12/10/2017
461,altamira,75,94,-3.2,-52.21,75.2,2.24,12/10/2017
462,paragominas,92,100,-2.97,-47.48,70.12,2.71,12/10/2017
463,coroata,88,94,-4.13,-44.12,73.67,3.49,12/10/2017
464,iraucuba,92,87,-3.75,-39.78,75.7,7.56,12/10/2017
465,macau,0,35,22.2,113.55,54.12,13.87,12/10/2017
466,touros,92,90,-5.2,-35.46,78.31,11.92,12/10/2017
467,nisia floresta,40,78,-6.09,-35.21,80.6,11.41,12/10/2017
468,axim,92,100,4.87,-2.24,81.05,11.54,12/10/2017
469,takoradi,36,100,4.88,-1.76,79.3,7.78,12/10/2017
470,brazzaville,40,94,-4.27,15.28,73.4,4.7,12/10/2017
471,mangai,92,100,-4.05,19.53,70.03,2.82,12/10/2017
472,lodja,92,99,-3.48,23.43,71.47,2.75,12/10/2017
473,uvira,80,100,-3.41,29.15,59.59,2.26,12/10/2017
474,masumbwe,64,90,-3.63,32.18,55.9,3.49,12/10/2017
475,magugu,8,99,-4.02,35.77,61.57,4.61,12/10/2017
476,mombasa,40,94,-4.05,39.66,77.0,11.88,12/10/2017
477,hambantota,0,100,6.12,81.12,79.3,7.4,12/10/2017
478,sibolga,20,95,1.74,98.78,74.44,0.51,12/10/2017
479,baturaja,36,97,-4.13,104.17,79.79,9.75,12/10/2017
480,manggar,76,99,-2.88,108.27,80.74,6.11,12/10/2017
481,pangkalanbuun,20,93,-2.68,111.62,84.52,5.06,12/10/2017
482,martapura,75,83,-3.42,114.85,82.4,10.29,12/10/2017
483,kendari,56,72,-3.94,122.5,85.82,7.9,12/10/2017
484,vanimo,32,100,-2.67,141.3,84.25,18.03,12/10/2017
485,angoram,32,52,-4.06,144.07,93.7,3.49,12/10/2017
486,lorengau,64,100,-2.02,147.27,82.18,17.4,12/10/2017
487,rabaul,64,100,-4.2,152.17,81.5,10.25,12/10/2017
488,san patricio,75,78,19.22,-104.7,80.6,2.82,12/10/2017
489,salinas,1,57,36.68,-121.66,49.96,2.04,12/10/2017
490,el triunfo,75,65,-1.93,-79.97,78.8,14.99,12/10/2017
491,palora,64,89,-1.7,-77.93,63.01,2.26,12/10/2017
492,tonantins,36,95,-2.87,-67.8,74.53,2.08,12/10/2017
493,maraa,88,99,-1.83,-65.37,73.54,2.26,12/10/2017
494,manaus,40,83,-3.1,-60.03,78.8,4.7,12/10/2017
495,juruti,92,100,-2.15,-56.09,72.5,2.26,12/10/2017
496,porto de moz,92,99,-1.75,-52.24,72.91,4.27,12/10/2017
497,acara,92,100,-1.96,-48.2,71.2,2.53,12/10/2017
498,sao jose de ribamar,75,78,-2.56,-44.05,80.6,8.05,12/10/2017
499,acarau,88,94,-2.89,-40.12,74.62,10.8,12/10/2017
500,aquiraz,75,78,-3.9,-38.39,80.6,13.87,12/10/2017
501,harper,88,100,4.38,-7.72,76.24,12.26,12/10/2017
502,mbigou,88,98,-1.9,11.91,69.31,2.37,12/10/2017
503,gamboma,76,97,-1.88,15.86,70.93,5.1,12/10/2017
504,inongo,64,100,-1.95,18.27,71.42,2.48,12/10/2017
505,kabare,80,100,-2.47,28.82,61.03,1.52,12/10/2017
506,muleba,32,100,-1.84,31.65,67.1,3.31,12/10/2017
507,magadi,0,82,12.97,77.23,60.73,9.17,12/10/2017
508,witu,64,93,-2.39,40.44,74.17,5.1,12/10/2017
509,mogadishu,32,100,2.04,45.34,78.8,26.98,12/10/2017
510,jambi,20,75,-1.6,103.62,84.29,4.5,12/10/2017
511,barabai,92,78,-2.58,115.38,82.81,3.49,12/10/2017
512,poso,44,93,-1.4,120.75,86.14,5.28,12/10/2017
513,luwuk,20,89,-0.95,122.79,84.02,2.98,12/10/2017
514,amahai,32,100,-3.33,128.92,82.27,4.27,12/10/2017
515,sorong,76,100,-0.88,131.25,79.7,1.36,12/10/2017
516,wewak,20,60,-3.55,143.63,90.01,5.06,12/10/2017
517,kavieng,76,94,-2.57,150.8,86.86,17.36,12/10/2017
518,namatanai,48,93,-3.67,152.43,85.87,15.05,12/10/2017
519,lufilufi,90,83,-13.87,-171.6,82.4,8.05,12/10/2017
520,lazaro cardenas,0,100,17.96,-102.2,75.16,3.38,12/10/2017
521,manta,75,83,-0.95,-80.73,75.2,4.7,12/10/2017
522,pedernales,0,100,18.04,-71.74,77.77,2.59,12/10/2017
523,puerto asis,20,84,0.51,-76.5,76.82,1.3,12/10/2017
524,miraflores,92,41,1.34,-71.95,85.42,3.6,12/10/2017
525,sao gabriel da cachoeira,76,96,-0.13,-67.09,74.57,2.82,12/10/2017
526,santa isabel do rio negro,80,96,-0.41,-65.02,76.51,3.38,12/10/2017
527,boa vista,40,65,2.82,-60.67,82.4,11.41,12/10/2017
528,oriximina,92,100,-1.77,-55.87,71.24,2.75,12/10/2017
529,mazagao,75,100,-0.12,-51.29,77.0,3.36,12/10/2017
530,curuca,80,100,-0.73,-47.85,79.57,11.54,12/10/2017
531,cururupu,80,90,-1.83,-44.87,77.32,4.99,12/10/2017
532,caucaia,75,78,-3.74,-38.65,80.6,13.87,12/10/2017
533,booue,68,100,-0.09,11.94,72.55,2.19,12/10/2017
534,owando,56,97,-0.48,15.9,69.35,4.72,12/10/2017
535,boende,92,99,-0.22,20.87,69.89,2.48,12/10/2017
536,yangambi,68,98,0.81,24.43,70.75,2.37,12/10/2017
537,butembo,64,98,0.15,29.28,60.13,1.07,12/10/2017
538,rongai,0,89,-0.17,35.86,46.27,2.71,12/10/2017
539,garissa,8,95,-0.45,39.64,68.41,2.82,12/10/2017
540,thinadhoo,92,100,0.53,72.93,81.82,13.82,12/10/2017
541,matara,0,100,5.95,80.54,79.07,2.86,12/10/2017
542,payakumbuh,92,96,-0.22,100.63,73.63,2.26,12/10/2017
543,kijang,20,48,35.24,129.21,41.0,9.17,12/10/2017
544,sungairaya,80,72,0.7,108.9,84.2,5.28,12/10/2017
545,loa janan,80,68,-0.58,117.09,86.9,4.27,12/10/2017
546,palu,12,61,-0.89,119.87,90.1,3.31,12/10/2017
547,gorontalo,12,70,0.54,123.06,86.68,2.82,12/10/2017
548,aitape,24,83,-3.14,142.35,85.64,10.92,12/10/2017
549,hilo,1,78,19.73,-155.09,70.0,4.7,12/10/2017
550,coahuayana,40,46,18.73,-103.68,73.4,5.99,12/10/2017
551,ixtapa,40,88,20.7,-105.2,77.0,3.36,12/10/2017
552,muisne,80,90,0.6,-80.03,73.67,4.76,12/10/2017
553,esmeraldas,0,73,-19.76,-44.31,72.5,8.05,12/10/2017
554,saladoblanco,0,94,1.99,-76.04,52.07,1.3,12/10/2017
555,calamar,0,83,10.25,-74.91,80.6,13.87,12/10/2017
556,inirida,8,90,3.87,-67.92,75.47,2.08,12/10/2017
557,grand-santi,88,99,4.25,-54.38,72.91,2.82,12/10/2017
558,salinopolis,88,100,-0.61,-47.36,79.75,12.93,12/10/2017
559,carutapera,80,94,-1.2,-46.02,77.45,7.34,12/10/2017
560,trairi,76,100,-3.28,-39.27,80.87,17.58,12/10/2017
561,bubaque,0,100,11.28,-15.83,77.27,7.34,12/10/2017
562,goderich,92,95,43.75,-81.72,38.17,18.86,12/10/2017
563,buchanan,40,94,5.88,-10.05,77.0,5.82,12/10/2017
564,jacqueville,20,83,5.21,-4.41,82.4,9.17,12/10/2017
565,cape coast,0,94,5.11,-1.25,72.59,3.27,12/10/2017
566,yenagoa,32,93,4.92,6.26,74.08,4.76,12/10/2017
567,luba,20,88,3.46,8.55,77.0,6.93,12/10/2017
568,bitam,80,98,2.08,11.5,68.99,2.26,12/10/2017
569,ouesso,32,97,1.61,16.05,71.2,2.37,12/10/2017
570,binga,36,89,-17.62,27.34,74.08,7.63,12/10/2017
571,aketi,0,93,2.74,23.78,72.82,2.48,12/10/2017
572,wamba,8,72,8.93,8.6,67.42,4.21,12/10/2017
573,masindi,0,75,1.67,31.71,62.65,6.78,12/10/2017
574,amudat,0,70,1.95,34.95,60.22,5.77,12/10/2017
575,wajir,0,67,1.75,40.06,73.36,6.11,12/10/2017
576,jawhar,0,78,2.78,45.5,70.7,12.77,12/10/2017
577,hobyo,8,82,5.35,48.53,75.65,23.73,12/10/2017
578,kudahuvadhoo,64,100,2.67,72.89,81.5,15.39,12/10/2017
579,muli,0,100,2.92,73.57,83.3,18.3,12/10/2017
580,rantauprapat,76,75,2.1,99.83,78.58,1.7,12/10/2017
581,kota tinggi,75,62,1.74,103.9,84.63,13.87,12/10/2017
582,pemangkat,92,84,1.17,108.97,80.92,5.84,12/10/2017
583,sibu,75,88,2.3,111.82,80.6,5.82,12/10/2017
584,tarakan,56,100,3.3,117.63,80.87,2.59,12/10/2017
585,manado,20,70,1.49,124.85,87.8,6.93,12/10/2017
586,ternate,76,100,0.8,127.4,82.94,5.84,12/10/2017
587,butaritari,36,100,3.07,172.79,82.45,13.67,12/10/2017
588,cabo san lucas,40,83,22.89,-109.91,69.8,4.99,12/10/2017
589,puerto baquerizo moreno,80,98,-0.9,-89.6,72.1,10.42,12/10/2017
590,mosquera,20,93,4.71,-74.23,50.0,2.24,12/10/2017
591,tulua,75,78,4.08,-76.2,72.5,1.07,12/10/2017
592,puerto gaitan,0,43,4.31,-72.08,83.44,9.64,12/10/2017
593,brokopondo,20,88,5.07,-54.97,77.0,4.7,12/10/2017
594,saint-georges,92,86,46.62,-72.66,6.44,2.08,12/10/2017
595,sao filipe,64,99,14.9,-24.5,73.94,15.12,12/10/2017
596,bonthe,0,89,7.53,-12.51,78.94,5.32,12/10/2017
597,monrovia,40,94,6.3,-10.8,77.0,5.82,12/10/2017
598,winneba,75,88,5.35,-0.62,80.6,9.17,12/10/2017
599,warri,0,97,5.52,5.75,73.81,4.99,12/10/2017
600,berberati,8,84,4.26,15.79,66.07,2.53,12/10/2017
601,bosobolo,20,82,4.18,19.9,68.41,2.71,12/10/2017
602,bondo,0,91,3.81,23.69,71.47,2.04,12/10/2017
603,yambio,32,88,4.57,28.4,67.19,4.99,12/10/2017
604,moyo,0,74,3.66,31.72,64.49,3.76,12/10/2017
605,lodwar,0,61,3.12,35.6,73.36,7.63,12/10/2017
606,moyale,0,67,3.52,39.06,66.97,12.82,12/10/2017
607,xuddur,0,58,4.12,43.89,67.37,12.55,12/10/2017
608,eyl,0,99,7.98,49.82,73.04,22.88,12/10/2017
609,mahibadhoo,12,100,3.78,72.97,82.94,18.92,12/10/2017
610,male,20,74,4.17,73.51,80.6,11.41,12/10/2017
611,weligama,0,100,5.97,80.42,79.07,2.86,12/10/2017
612,kalmunai,64,92,7.42,81.82,76.37,6.06,12/10/2017
613,banda aceh,56,98,5.56,95.32,77.0,3.31,12/10/2017
614,lumut,75,74,4.23,100.63,80.6,3.36,12/10/2017
615,cukai,75,83,4.25,103.42,76.21,1.12,12/10/2017
616,bintulu,90,88,3.17,113.03,80.6,10.29,12/10/2017
617,limbang,75,88,4.75,115.0,81.79,4.7,12/10/2017
618,manuk mangkaw,48,100,4.8,119.85,81.59,12.55,12/10/2017
619,sarangani,20,96,5.4,125.46,84.74,9.8,12/10/2017
620,kloulklubed,90,94,7.04,134.26,77.0,8.05,12/10/2017
621,nanakuli,40,78,21.39,-158.15,77.47,8.05,12/10/2017
622,puerto escondido,5,83,15.85,-97.07,78.8,8.57,12/10/2017
623,nicoya,40,78,10.15,-85.45,78.8,12.75,12/10/2017
624,la palma,1,41,33.85,-118.05,58.15,9.8,12/10/2017
625,salgar,75,93,5.96,-75.97,60.8,2.24,12/10/2017
626,puerto ayacucho,8,86,5.66,-67.62,73.45,2.86,12/10/2017
627,ciudad bolivar,0,58,8.12,-63.55,81.28,13.44,12/10/2017
628,bartica,0,94,6.4,-58.62,73.4,4.7,12/10/2017
629,totness,88,100,5.88,-56.32,78.31,14.05,12/10/2017
630,kourou,92,94,5.16,-52.65,75.2,3.36,12/10/2017
631,robertsport,8,100,6.75,-11.37,82.18,12.37,12/10/2017
632,zwedru,12,94,6.07,-8.13,70.7,5.1,12/10/2017
633,adzope,88,92,6.11,-3.86,74.62,6.4,12/10/2017
634,akropong,75,88,5.97,-0.09,80.6,9.17,12/10/2017
635,epe,36,91,6.58,3.98,77.72,5.55,12/10/2017
636,afikpo,8,86,5.89,7.94,75.97,8.34,12/10/2017
637,banyo,12,59,6.75,11.82,58.37,2.75,12/10/2017
638,baoro,0,56,5.67,15.97,64.72,2.75,12/10/2017
639,rafai,0,86,4.95,23.92,67.24,4.54,12/10/2017
640,tambura,20,86,5.6,27.47,64.72,4.54,12/10/2017
641,juba,0,63,4.85,31.58,73.63,4.38,12/10/2017
642,bako,0,59,5.78,36.57,57.65,1.81,12/10/2017
643,goba,80,89,7.02,39.98,48.47,2.3,12/10/2017
644,bandarbeyla,80,100,9.49,50.81,76.42,26.42,12/10/2017
645,ugoofaaru,8,100,5.67,73.0,82.4,15.05,12/10/2017
646,manavalakurichi,20,69,8.13,77.3,78.8,5.82,12/10/2017
647,galle,0,100,6.04,80.22,79.07,2.86,12/10/2017
648,sabang,80,100,5.89,95.32,77.72,18.59,12/10/2017
649,sigli,92,100,5.38,95.96,75.7,7.34,12/10/2017
650,kuala kedah,75,65,6.1,100.3,81.3,9.17,12/10/2017
651,kuala terengganu,75,83,5.33,103.14,77.0,8.05,12/10/2017
652,miri,90,100,4.41,114.01,73.4,8.05,12/10/2017
653,kota kinabalu,75,83,5.97,116.07,82.4,12.75,12/10/2017
654,pandan niog,80,100,6.23,120.56,80.56,15.12,12/10/2017
655,palimbang,36,100,6.21,124.19,82.72,8.23,12/10/2017
656,kapaa,20,83,22.08,-159.32,73.53,4.7,12/10/2017
657,makakilo city,20,69,21.35,-158.09,77.45,5.82,12/10/2017
658,champerico,8,88,14.3,-91.92,75.7,4.99,12/10/2017
659,acajutla,0,88,13.59,-89.83,80.6,7.07,12/10/2017
660,santa cruz,75,100,14.28,121.42,80.6,4.7,12/10/2017
661,buenos aires,0,68,-34.61,-58.38,66.72,16.11,12/10/2017
662,guarare,0,74,7.82,-80.28,80.83,11.36,12/10/2017
663,tierralta,0,77,8.17,-76.06,78.94,8.79,12/10/2017
664,san juan de colon,40,78,8.03,-72.26,77.0,0.85,12/10/2017
665,calabozo,0,58,8.92,-67.43,78.85,15.35,12/10/2017
666,mabaruma,12,82,8.2,-59.78,77.86,6.06,12/10/2017
667,sinnamary,92,100,5.38,-52.95,73.99,8.86,12/10/2017
668,cayenne,100,94,4.93,-52.33,75.2,3.36,12/10/2017
669,conakry,0,100,9.54,-13.68,80.38,6.89,12/10/2017
670,serabu,0,85,7.8,-12.05,76.78,5.28,12/10/2017
671,touba,0,66,8.28,-7.68,65.62,2.98,12/10/2017
672,dabakala,32,79,8.37,-4.43,75.65,11.59,12/10/2017
673,kpandae,44,95,8.47,-0.01,74.98,3.27,12/10/2017
674,oyo,24,90,7.85,3.93,74.53,6.51,12/10/2017
675,makurdi,12,77,7.74,8.51,74.75,7.4,12/10/2017
676,tignere,0,64,7.37,12.65,55.22,3.27,12/10/2017
677,bol,0,40,13.46,14.71,58.42,2.98,12/10/2017
678,ndele,8,48,8.41,20.65,67.82,8.41,12/10/2017
679,ouadda,0,70,8.08,22.4,62.56,5.39,12/10/2017
680,malakal,0,50,9.53,31.66,71.92,8.52,12/10/2017
681,gore,20,64,-46.1,168.94,54.5,23.85,12/10/2017
682,robe,0,93,-37.18,139.75,70.12,16.46,12/10/2017
683,hargeysa,76,96,9.56,44.06,51.04,8.01,12/10/2017
684,kavaratti,0,100,10.57,72.64,82.81,9.86,12/10/2017
685,dhidhdhoo,0,100,6.88,73.1,82.67,6.73,12/10/2017
686,varkkallai,20,69,8.73,76.71,78.8,5.82,12/10/2017
687,anuradhapura,80,76,8.36,80.42,78.44,4.54,12/10/2017
688,port blair,0,100,11.67,92.75,82.81,23.22,12/10/2017
689,ron phibun,40,69,8.18,99.85,78.8,12.75,12/10/2017
690,ca mau,0,78,9.18,105.15,77.86,15.95,12/10/2017
691,vung tau,75,60,10.35,107.08,73.4,6.93,12/10/2017
692,balabac,24,100,7.99,117.06,82.09,14.94,12/10/2017
693,simbahan,48,100,6.3,120.58,80.92,16.28,12/10/2017
694,munai,0,84,7.98,124.06,80.02,2.19,12/10/2017
695,kinablangan,56,100,7.69,126.55,82.72,4.21,12/10/2017
696,san jeronimo,100,94,-11.95,-75.28,41.23,1.25,12/10/2017
697,san jose,1,37,37.34,-121.89,53.44,5.82,12/10/2017
698,san rafael del sur,40,94,11.85,-86.44,75.2,15.39,12/10/2017
699,san isidro,48,81,-12.12,-77.05,59.72,2.26,12/10/2017
700,portobelo,0,83,9.55,-79.65,78.8,5.82,12/10/2017
701,san onofre,8,76,9.74,-75.53,82.22,12.82,12/10/2017
702,villa del rosario,40,78,7.83,-72.47,77.0,0.69,12/10/2017
703,tacarigua,0,94,10.09,-67.92,75.2,2.82,12/10/2017
704,cumana,8,79,10.46,-64.18,67.82,3.98,12/10/2017
705,rio claro,8,96,-22.41,-47.56,66.16,4.61,12/10/2017
706,iracoubo,92,96,5.48,-53.2,74.75,4.09,12/10/2017
707,oussouye,0,68,12.48,-16.55,69.8,4.7,12/10/2017
708,mamou,0,78,10.38,-12.09,62.87,2.37,12/10/2017
709,odienne,0,53,9.51,-7.57,65.57,5.99,12/10/2017
710,gaoua,0,46,10.3,-3.25,67.24,4.76,12/10/2017
711,yendi,56,69,9.44,-0.01,79.66,9.31,12/10/2017
712,nikki,48,79,9.94,3.21,73.54,9.13,12/10/2017
713,numan,8,67,9.47,12.03,66.97,4.05,12/10/2017
714,lai,0,56,9.4,16.3,61.93,2.86,12/10/2017
715,am timan,0,48,11.03,20.28,62.83,4.76,12/10/2017
716,birao,0,62,10.28,22.79,61.84,6.55,12/10/2017
717,abomsa,48,84,9.98,39.98,54.77,2.98,12/10/2017
718,valvedditturai,80,95,9.82,80.17,80.87,14.94,12/10/2017
719,trincomalee,92,91,8.57,81.23,76.42,5.39,12/10/2017
720,ranong,0,61,9.97,98.63,77.0,16.11,12/10/2017
721,ko samui,20,65,9.54,99.94,77.0,17.22,12/10/2017
722,kampot,0,50,10.62,104.18,72.19,20.38,12/10/2017
723,phan thiet,24,82,10.93,108.1,78.94,5.06,12/10/2017
724,panalingaan,80,100,8.78,117.42,77.54,9.31,12/10/2017
725,osmena,12,99,10.52,119.93,82.36,14.79,12/10/2017
726,clarin,0,79,8.2,123.86,85.69,3.49,12/10/2017
727,union,75,65,40.7,-74.26,43.47,5.1,12/10/2017
728,tecoanapa,0,100,16.52,-98.75,68.32,2.48,12/10/2017
729,corinto,32,69,-18.38,-44.46,72.05,6.29,12/10/2017
730,bluefields,92,98,12.01,-83.76,75.34,5.21,12/10/2017
731,san andres,40,78,12.58,-81.7,82.4,14.99,12/10/2017
732,puerto colombia,0,78,10.99,-74.95,82.4,14.99,12/10/2017
733,uribia,68,80,11.71,-72.27,77.86,16.62,12/10/2017
734,kralendijk,80,88,12.15,-68.27,78.8,11.41,12/10/2017
735,la asuncion,64,100,11.03,-63.86,78.67,16.84,12/10/2017
736,scarborough,20,93,54.28,-0.4,33.66,4.7,12/10/2017
737,oistins,40,83,13.07,-59.53,80.6,18.34,12/10/2017
738,mana,88,95,5.66,-53.78,74.75,2.98,12/10/2017
739,gunjur,0,72,13.2,-16.73,66.2,5.82,12/10/2017
740,canchungo,0,68,12.07,-16.03,69.8,4.7,12/10/2017
741,mali,20,64,12.08,-12.3,62.02,2.82,12/10/2017
742,kangaba,0,65,11.93,-8.42,65.44,4.38,12/10/2017
743,koupela,0,51,12.18,-0.35,64.22,4.09,12/10/2017
744,jega,12,68,12.22,4.38,63.82,2.82,12/10/2017
745,malumfashi,12,70,11.79,7.62,58.82,2.75,12/10/2017
746,damaturu,12,68,11.75,11.96,58.15,3.38,12/10/2017
747,dourbali,0,47,11.81,15.86,62.15,5.21,12/10/2017
748,marabba,0,46,12.35,32.18,66.88,7.78,12/10/2017
749,bahir dar,0,68,11.59,37.39,43.25,2.59,12/10/2017
750,korem,92,92,12.51,39.52,52.03,1.97,12/10/2017
751,salalah,0,26,17.02,54.09,69.8,14.99,12/10/2017
752,ponnampet,0,69,12.15,75.93,65.84,7.4,12/10/2017
753,madras,1,74,44.63,-121.13,42.28,2.75,12/10/2017
754,kui buri,40,60,12.08,99.85,68.0,11.41,12/10/2017
755,da lat,44,66,11.95,108.44,64.22,7.63,12/10/2017
756,nha trang,68,92,12.25,109.18,71.38,25.19,12/10/2017
757,tagusao,80,100,9.19,117.81,77.54,9.31,12/10/2017
758,salvacion,44,78,7.98,126.13,84.07,3.49,12/10/2017
759,cataingan,64,100,12.0,123.99,81.77,9.86,12/10/2017
760,sulangan,8,96,11.14,123.72,82.09,11.1,12/10/2017
761,guerrero negro,0,94,27.98,-114.06,53.42,7.52,12/10/2017
762,la florida,8,90,1.3,-77.41,49.55,1.52,12/10/2017
763,manaure,8,96,11.78,-72.44,80.87,23.33,12/10/2017
764,rincon,75,94,32.3,-81.24,65.28,6.93,12/10/2017
765,bathsheba,40,83,13.22,-59.52,80.6,18.34,12/10/2017
766,porto novo,75,69,17.02,-25.06,73.4,19.46,12/10/2017
767,praia,40,73,14.92,-23.51,73.4,14.99,12/10/2017
768,dakar,44,88,14.69,-17.44,68.0,9.17,12/10/2017
769,kahone,20,35,14.15,-16.03,67.55,9.31,12/10/2017
770,kayes,0,52,14.44,-11.43,64.67,6.11,12/10/2017
771,kolokani,0,48,13.57,-8.03,61.12,8.41,12/10/2017
772,bandiagara,0,30,14.35,-3.61,68.0,6.93,12/10/2017
773,dori,0,47,14.04,-0.03,63.14,6.29,12/10/2017
774,dogondoutchi,0,50,13.64,4.03,61.7,5.21,12/10/2017
775,tessaoua,20,67,13.76,7.99,58.51,3.04,12/10/2017
776,maine-soroa,0,57,13.21,12.02,57.29,4.76,12/10/2017
777,moussoro,0,57,13.64,16.49,58.69,2.75,12/10/2017
778,oum hadjer,0,57,13.3,19.7,58.6,2.75,12/10/2017
779,kutum,0,73,14.2,24.67,44.11,3.09,12/10/2017
780,umm kaddadah,0,55,13.6,26.69,53.74,6.29,12/10/2017
781,doka,0,63,13.52,35.77,61.93,4.76,12/10/2017
782,jiblah,0,90,13.92,44.15,32.86,2.37,12/10/2017
783,kankon,0,100,15.02,74.02,79.34,14.61,12/10/2017
784,channagiri,0,73,14.03,75.93,62.69,7.11,12/10/2017
785,nayudupeta,0,76,13.9,79.9,73.72,4.72,12/10/2017
786,amalapuram,0,70,16.58,82.02,76.33,11.43,12/10/2017
787,dawei,0,36,14.08,98.2,69.44,11.54,12/10/2017
788,bang len,0,45,14.02,100.17,68.0,12.75,12/10/2017
789,cabra,75,90,37.47,-4.44,34.79,3.04,12/10/2017
790,caramoran,88,100,13.98,124.13,79.93,6.55,12/10/2017
791,alugan,44,97,12.22,125.48,82.0,7.4,12/10/2017
792,san policarpo,44,97,12.18,125.51,82.0,7.4,12/10/2017
793,ewa beach,75,78,21.32,-158.01,77.95,11.41,12/10/2017
794,la orilla,0,100,17.98,-102.23,75.16,3.38,12/10/2017
795,la trinitaria,64,92,16.12,-92.05,63.14,6.22,12/10/2017
796,barra patuca,20,88,15.8,-84.28,79.97,9.53,12/10/2017
797,black river,20,78,18.03,-77.85,80.6,14.99,12/10/2017
798,morant bay,20,78,17.88,-76.41,80.6,5.82,12/10/2017
799,guanica,0,100,17.97,-66.91,76.69,11.03,12/10/2017
800,middle island,90,81,40.88,-72.94,40.1,6.93,12/10/2017
801,saint-francois,90,93,46.42,3.91,39.2,3.36,12/10/2017
802,ponta do sol,40,59,32.67,-17.1,60.8,10.29,12/10/2017
803,ribeira brava,40,59,32.65,-17.07,60.8,10.29,12/10/2017
804,louga,48,61,15.62,-16.22,65.62,9.91,12/10/2017
805,goundam,8,43,16.41,-3.67,64.36,13.67,12/10/2017
806,gao,0,42,16.27,-0.04,66.16,10.92,12/10/2017
807,tahoua,0,56,14.89,5.27,58.19,4.99,12/10/2017
808,agadez,0,50,19.75,10.25,56.57,6.85,12/10/2017
809,goure,12,59,13.98,10.27,56.08,3.27,12/10/2017
810,mao,92,100,39.89,4.27,52.39,4.72,12/10/2017
811,biltine,0,64,14.53,20.92,55.22,3.27,12/10/2017
812,wagar,0,79,16.15,36.2,64.09,10.13,12/10/2017
813,sayyan,0,70,15.17,44.32,21.65,2.26,12/10/2017
814,porbandar,92,67,21.64,69.61,71.47,11.03,12/10/2017
815,ratnagiri,0,100,16.98,73.3,76.33,18.03,12/10/2017
816,hungund,0,67,16.07,76.05,64.45,7.29,12/10/2017
817,addanki,0,59,15.82,79.98,72.1,8.23,12/10/2017
818,yarada,0,100,17.65,83.27,77.09,16.58,12/10/2017
819,puri,12,77,19.8,85.85,59.0,5.82,12/10/2017
820,pyapon,0,69,16.28,95.68,81.05,15.9,12/10/2017
821,khanu woralaksaburi,0,48,16.06,99.86,66.97,6.06,12/10/2017
822,selaphum,0,45,16.03,103.94,64.4,9.17,12/10/2017
823,wanning,0,100,18.8,110.4,62.42,31.23,12/10/2017
824,aloleng,24,86,16.13,119.78,84.74,9.8,12/10/2017
825,paitan,0,65,6.66,124.87,88.07,3.31,12/10/2017
826,dicabisagan,92,100,17.08,122.42,74.57,6.73,12/10/2017
827,gigmoto,88,100,13.78,124.39,79.93,6.55,12/10/2017
828,lompoc,1,75,34.64,-120.46,50.38,4.38,12/10/2017
829,tomatlan,0,90,19.93,-105.25,68.54,2.26,12/10/2017
830,loma bonita,0,82,8.38,-80.17,79.66,11.65,12/10/2017
831,jonuta,68,70,18.08,-92.13,80.74,11.43,12/10/2017
832,bodden town,20,88,19.28,-81.25,78.8,12.75,12/10/2017
833,road town,75,88,18.42,-64.62,78.8,9.17,12/10/2017
834,codrington,48,91,-38.27,141.97,70.34,4.72,12/10/2017
835,pombas,92,100,17.15,-25.02,72.77,16.46,12/10/2017
836,santa maria,75,72,-29.68,-53.81,66.2,13.87,12/10/2017
837,nouakchott,12,97,18.09,-15.98,68.86,14.79,12/10/2017
838,araouane,0,46,18.9,-3.53,56.26,13.44,12/10/2017
839,kidal,0,43,18.44,1.41,59.14,11.88,12/10/2017
840,arlit,0,54,18.74,7.39,53.56,3.31,12/10/2017
841,bilma,0,69,18.69,12.92,52.75,2.82,12/10/2017
842,marawi,0,84,8.0,124.29,80.02,2.19,12/10/2017
843,najran,0,39,17.49,44.13,44.6,2.82,12/10/2017
844,sur,56,100,22.57,59.53,66.02,8.75,12/10/2017
845,veraval,92,65,20.9,70.37,75.25,11.92,12/10/2017
846,srivardhan,64,77,18.03,73.02,70.3,6.06,12/10/2017
847,tuljapur,24,60,18.0,76.08,61.03,8.79,12/10/2017
848,mahbubabad,0,75,17.62,80.02,66.34,4.32,12/10/2017
849,srikakulam,8,65,18.3,83.9,69.8,3.87,12/10/2017
850,den chai,0,72,17.98,100.05,66.54,3.53,12/10/2017
851,seka,0,31,17.93,103.96,67.06,22.62,12/10/2017
852,dong hoi,0,100,17.48,106.6,64.99,27.98,12/10/2017
853,catuday,24,86,16.29,119.81,84.74,9.8,12/10/2017
854,sinait,90,78,17.87,120.46,77.0,6.93,12/10/2017
855,pandan,88,100,14.05,124.17,79.93,6.55,12/10/2017
856,kihei,40,78,20.79,-156.47,76.33,4.05,12/10/2017
857,san quintin,0,98,30.48,-115.95,45.77,2.26,12/10/2017
858,juchitlan,0,93,20.08,-104.12,57.61,1.97,12/10/2017
859,temascalcingo,0,89,19.92,-100.0,44.6,1.3,12/10/2017
860,sabancuy,32,82,18.97,-91.18,81.82,13.04,12/10/2017
861,felipe carrillo puerto,48,84,19.58,-88.05,75.88,4.21,12/10/2017
862,santa fe,1,86,35.69,-105.94,33.8,6.93,12/10/2017
863,el cobre,20,73,20.05,-75.95,73.4,9.17,12/10/2017
864,cap-haitien,0,98,19.76,-72.2,77.27,18.14,12/10/2017
865,nouadhibou,44,82,20.93,-17.03,62.6,12.75,12/10/2017
866,atar,32,68,20.52,-13.05,53.65,6.29,12/10/2017
867,tessalit,8,66,20.2,1.01,51.89,10.76,12/10/2017
868,mecca,0,35,21.43,39.83,69.8,3.71,12/10/2017
869,abha,0,38,18.22,42.51,42.8,3.27,12/10/2017
870,nizwa,0,93,22.93,57.53,41.72,3.6,12/10/2017
871,chinchani,64,96,19.87,72.7,74.89,10.02,12/10/2017
872,deulgaon raja,32,63,20.02,76.03,59.9,3.2,12/10/2017
873,mul,20,76,20.07,79.67,62.65,4.99,12/10/2017
874,pyinmana,76,91,19.73,96.22,73.22,2.53,12/10/2017
875,chiang rai,0,59,19.91,99.83,64.4,14.99,12/10/2017
876,xam nua,20,59,20.42,104.04,47.39,5.88,12/10/2017
877,qiongshan,0,51,20.01,110.35,59.0,15.66,12/10/2017
878,jieshi,12,100,22.81,115.83,57.47,11.43,12/10/2017
879,davila,90,78,18.47,120.58,77.0,6.93,12/10/2017
880,basco,100,100,20.45,121.97,72.1,38.65,12/10/2017
881,hirara,75,93,24.8,125.28,62.6,35.57,12/10/2017
882,nishihara,90,82,26.18,127.76,63.79,13.87,12/10/2017
883,naze,75,67,28.37,129.48,60.8,11.41,12/10/2017
884,shimoda,20,50,34.67,138.95,50.68,24.16,12/10/2017
885,katsuura,20,79,35.13,140.3,52.86,6.93,12/10/2017
886,kahului,75,78,20.89,-156.47,76.26,5.82,12/10/2017
887,mazatlan,90,69,23.22,-106.42,77.0,5.82,12/10/2017
888,villa guerrero,40,61,18.87,-99.65,48.2,3.36,12/10/2017
889,tamiahua,44,95,21.27,-97.45,74.26,6.29,12/10/2017
890,celestun,8,90,20.87,-90.4,78.8,15.68,12/10/2017
891,panaba,0,89,21.28,-88.27,75.02,5.73,12/10/2017
892,guane,24,93,22.2,-84.09,72.37,5.77,12/10/2017
893,manicaragua,100,100,22.15,-79.97,69.8,8.05,12/10/2017
894,gibara,20,94,21.11,-76.13,69.8,6.93,12/10/2017
895,taoudenni,0,57,22.68,-3.98,50.9,12.93,12/10/2017
896,aswan,0,100,24.09,32.91,52.03,4.88,12/10/2017
897,sawakin,20,78,19.11,37.33,73.4,10.29,12/10/2017
898,riyadh,0,65,24.69,46.72,46.4,2.24,12/10/2017
899,ormara,88,100,25.21,64.64,66.74,9.08,12/10/2017
900,dwarka,88,100,22.24,68.97,71.92,14.79,12/10/2017
901,dhola,76,68,21.88,71.78,67.96,3.53,12/10/2017
902,bhikangaon,64,50,21.87,75.95,60.17,3.71,12/10/2017
903,waraseoni,32,51,21.75,80.03,59.32,8.52,12/10/2017
904,sundargarh,12,72,22.12,84.03,61.03,5.32,12/10/2017
905,haldia,20,91,22.06,88.11,66.16,4.38,12/10/2017
906,bandarban,8,94,22.2,92.23,68.0,2.98,12/10/2017
907,mandalay,20,88,21.97,96.08,68.0,5.82,12/10/2017
908,lao cai,0,76,22.48,103.95,48.65,1.97,12/10/2017
909,qinzhou,0,42,21.95,108.62,54.05,17.36,12/10/2017
910,tangping,0,34,22.03,111.93,53.83,15.68,12/10/2017
911,ishigaki,75,93,24.34,124.16,60.8,19.46,12/10/2017
912,tateyama,20,100,34.98,139.87,52.38,6.93,12/10/2017
913,hasaki,20,50,35.73,140.83,49.53,8.05,12/10/2017
914,kailua,75,78,21.4,-157.74,77.45,5.82,12/10/2017
915,eldorado,56,96,-23.79,-54.28,71.38,11.77,12/10/2017
916,vicente guerrero,20,58,19.12,-98.17,53.6,8.05,12/10/2017
917,doctor arroyo,36,80,23.67,-100.18,54.05,4.88,12/10/2017
918,nuevo progreso,80,100,23.17,-97.95,71.56,4.61,12/10/2017
919,bahia honda,20,87,22.9,-83.16,75.07,8.52,12/10/2017
920,corralillo,12,94,22.98,-80.59,73.18,11.77,12/10/2017
921,rock sound,44,100,24.9,-76.2,76.24,17.18,12/10/2017
922,cockburn town,88,100,21.46,-71.14,77.72,20.15,12/10/2017
923,the valley,80,99,18.22,-63.06,79.93,16.06,12/10/2017
924,adrar,0,65,27.87,-0.29,41.0,11.41,12/10/2017
925,tahta,12,86,26.77,31.5,49.78,3.49,12/10/2017
926,umm lajj,0,99,25.02,37.27,65.08,12.26,12/10/2017
927,buraydah,0,87,26.33,43.98,44.6,2.82,12/10/2017
928,doha,0,77,25.29,51.53,64.4,6.93,12/10/2017
929,dubai,20,72,25.26,55.3,60.6,3.36,12/10/2017
930,jati,8,60,24.35,68.27,58.33,13.89,12/10/2017
931,patan,20,93,27.67,85.33,48.2,2.3,12/10/2017
932,susner,68,62,23.95,76.08,55.85,2.82,12/10/2017
933,pawai,48,61,24.27,80.17,52.93,2.53,12/10/2017
934,daltenganj,48,75,24.03,84.07,57.02,2.98,12/10/2017
935,kandi,0,43,11.13,2.94,66.16,5.32,12/10/2017
936,kamalpur,90,88,24.2,91.83,64.4,3.27,12/10/2017
937,simao,76,96,22.79,100.97,50.59,2.48,12/10/2017
938,zhongshu,0,76,24.52,103.77,40.15,4.21,12/10/2017
939,huaicheng,0,46,23.91,112.19,50.99,4.83,12/10/2017
940,rongcheng,0,79,30.63,117.85,41.86,5.77,12/10/2017
941,itoman,90,82,26.12,127.67,63.75,13.87,12/10/2017
942,gushikawa,90,82,26.35,127.87,63.82,13.87,12/10/2017
943,shingu,75,66,33.73,135.98,48.2,10.29,12/10/2017
944,ahuimanu,75,78,21.44,-157.84,77.45,5.82,12/10/2017
945,pacific grove,1,57,36.62,-121.92,49.98,2.04,12/10/2017
946,loreto,12,92,22.27,-101.97,45.95,2.59,12/10/2017
947,mapimi,40,46,25.82,-103.85,71.6,5.82,12/10/2017
948,marin,90,100,42.38,-8.7,50.99,2.19,12/10/2017
949,brownsville,90,100,25.9,-97.5,68.85,6.93,12/10/2017
950,morgan city,90,93,29.7,-91.21,64.35,3.36,12/10/2017
951,estelle,90,100,29.85,-90.11,64.11,3.83,12/10/2017
952,south venice,1,100,27.05,-82.42,68.02,7.11,12/10/2017
953,aventura,1,83,25.96,-80.14,71.78,7.34,12/10/2017
954,dunmore town,24,100,25.5,-76.65,75.61,13.89,12/10/2017
955,hamilton,90,100,43.23,-79.95,38.21,11.41,12/10/2017
956,ribeira grande,92,97,38.52,-28.7,66.07,25.46,12/10/2017
957,los llanos de aridane,0,72,28.66,-17.92,66.2,6.93,12/10/2017
958,santa lucia,75,77,27.91,-15.54,64.4,12.75,12/10/2017
959,puerto del rosario,0,77,28.5,-13.86,64.4,14.99,12/10/2017
960,tiznit,0,85,29.58,-9.5,33.04,3.04,12/10/2017
961,awbari,36,87,26.59,12.78,50.32,5.77,12/10/2017
962,sabha,56,73,27.04,14.43,55.72,10.25,12/10/2017
963,awjilah,80,94,29.11,21.29,54.05,7.78,12/10/2017
964,abnub,12,86,27.27,31.15,49.78,3.49,12/10/2017
965,khor,0,68,47.89,134.95,-9.45,10.31,12/10/2017
966,sharjah,20,87,25.36,55.4,59.45,4.7,12/10/2017
967,pasni,36,100,25.26,63.47,66.74,10.8,12/10/2017
968,sann,0,82,26.04,68.14,55.0,10.87,12/10/2017
969,balotra,80,77,25.83,72.23,51.35,7.63,12/10/2017
970,tonk,68,62,26.17,75.78,52.21,2.86,12/10/2017
971,kurara,56,78,25.98,79.98,56.89,2.98,12/10/2017
972,sikandarpur,24,91,26.05,84.05,56.35,3.04,12/10/2017
973,kishanganj,8,76,26.12,87.93,67.15,4.21,12/10/2017
974,nongpoh,90,100,25.9,91.88,62.6,3.38,12/10/2017
975,khonsa,0,76,27.02,95.57,64.0,2.04,12/10/2017
976,dali,92,100,25.7,100.18,40.33,2.3,12/10/2017
977,xiaoweizhai,88,68,26.19,107.51,40.1,5.88,12/10/2017
978,ganzhou,0,42,28.82,115.43,49.37,6.06,12/10/2017
979,santa rosalia,0,100,27.32,-112.28,63.5,11.65,12/10/2017
980,creel,0,53,27.75,-107.63,43.25,7.52,12/10/2017
981,camargo,88,87,43.41,-3.88,51.8,4.7,12/10/2017
982,nuevo laredo,90,93,27.48,-99.52,55.4,2.08,12/10/2017
983,port lavaca,90,100,28.61,-96.63,65.12,5.82,12/10/2017
984,pascagoula,90,93,30.37,-88.56,65.3,2.59,12/10/2017
985,clearwater,75,93,27.97,-82.8,66.43,3.04,12/10/2017
986,sebastian,1,93,27.82,-80.47,68.02,6.11,12/10/2017
987,marsh harbour,24,100,26.54,-77.06,74.17,11.03,12/10/2017
988,saint george,1,38,37.1,-113.58,39.2,3.36,12/10/2017
989,ponta delgada,75,77,37.73,-25.67,64.4,16.11,12/10/2017
990,galdar,75,77,28.15,-15.65,64.4,12.75,12/10/2017
991,arrecife,0,77,28.96,-13.55,64.4,14.99,12/10/2017
992,hun,92,96,29.13,15.95,51.13,5.61,12/10/2017
993,matay,76,87,28.42,30.78,53.56,2.98,12/10/2017
994,tabuk,92,98,17.42,121.44,67.33,3.04,12/10/2017
995,bayan,0,60,46.08,127.4,-12.87,7.4,12/10/2017
996,qeshm,0,81,26.96,56.27,56.17,4.7,12/10/2017
997,iranshahr,0,82,27.2,60.68,57.2,4.7,12/10/2017
998,dalbandin,92,83,28.89,64.41,48.34,3.87,12/10/2017
999,garhi khairo,20,86,28.06,67.98,50.5,3.76,12/10/2017
1000,phalodi,44,80,27.13,72.37,45.64,2.98,12/10/2017
1001,narnaul,64,80,28.04,76.11,50.05,5.88,12/10/2017
1002,pawayan,36,87,28.07,80.1,51.35,2.86,12/10/2017
1003,waling,0,70,27.98,83.77,46.0,0.85,12/10/2017
1004,mangan,0,28,27.52,88.53,32.77,2.37,12/10/2017
1005,tawang,36,47,27.58,91.87,38.26,1.03,12/10/2017
1006,tezu,0,49,27.92,96.17,60.13,1.48,12/10/2017
1007,panzhihua,24,68,26.59,101.71,41.95,3.04,12/10/2017
1008,zhaotong,0,77,27.32,103.72,36.5,3.09,12/10/2017
1009,loudi,0,74,27.73,111.99,45.64,10.25,12/10/2017
1010,lishui,0,36,28.46,119.91,45.82,2.59,12/10/2017
1011,shenjiamen,0,98,29.96,122.3,49.87,17.4,12/10/2017
1012,nago,90,82,26.59,127.98,62.98,13.87,12/10/2017
1013,muroto,75,52,33.28,134.15,46.4,3.36,12/10/2017
1014,half moon bay,1,90,37.46,-122.43,50.34,3.09,12/10/2017
1015,rosarito,75,76,32.33,-117.03,57.9,5.77,12/10/2017
1016,pitiquito,0,88,30.7,-112.08,45.55,3.38,12/10/2017
1017,benito juarez,5,86,19.39,-99.17,56.52,4.7,12/10/2017
1018,ojinaga,0,48,29.57,-104.42,43.57,1.07,12/10/2017
1019,uvalde,90,100,29.21,-99.79,58.51,6.55,12/10/2017
1020,katy,90,100,29.79,-95.82,65.19,3.36,12/10/2017
1021,abbeville,90,100,50.1,1.83,35.67,3.36,12/10/2017
1022,fairhope,90,100,30.52,-87.9,66.24,3.04,12/10/2017
1023,tallahassee,90,100,30.44,-84.28,67.1,2.37,12/10/2017
1024,ormond beach,20,94,29.29,-81.06,69.84,4.38,12/10/2017
1025,santa cruz de tenerife,44,93,28.47,-16.25,59.38,5.82,12/10/2017
1026,teguise,0,100,29.06,-13.56,63.37,14.45,12/10/2017
1027,mizdah,92,99,31.45,12.98,43.52,4.61,12/10/2017
1028,waddan,92,96,29.16,16.14,51.13,5.61,12/10/2017
1029,ajdabiya,88,79,30.76,20.23,54.32,8.12,12/10/2017
1030,bardiyah,64,100,31.76,25.09,61.3,6.73,12/10/2017
1031,marsa matruh,64,86,31.35,27.25,52.66,4.5,12/10/2017
1032,suez,56,83,29.97,32.53,53.29,1.86,12/10/2017
1033,baghdad,24,81,33.34,44.4,46.4,2.82,12/10/2017
1034,abadan,0,70,30.34,48.3,44.15,2.24,12/10/2017
1035,kazerun,0,86,29.62,51.65,42.49,4.76,12/10/2017
1036,rafsanjan,0,77,30.41,55.99,24.22,2.26,12/10/2017
1037,zabol,0,52,31.03,61.5,44.6,6.93,12/10/2017
1038,harnai,48,53,30.1,67.94,40.51,2.86,12/10/2017
1039,mailsi,0,79,29.8,72.18,46.81,2.82,12/10/2017
1040,dirba,0,80,30.07,75.98,44.69,2.86,12/10/2017
1041,bageshwar,20,44,29.85,79.77,42.44,3.2,12/10/2017
1042,pokhara,0,70,28.23,83.98,46.0,0.85,12/10/2017
1043,lasa,0,85,46.62,10.7,12.42,3.36,12/10/2017
1044,pasighat,0,46,28.07,95.33,63.73,1.7,12/10/2017
1045,leshan,0,88,29.56,103.76,43.66,4.05,12/10/2017
1046,fuling,44,100,29.7,107.39,43.07,3.76,12/10/2017
1047,nanhai,0,59,30.13,111.78,46.0,5.1,12/10/2017
1048,huangmei,0,90,30.19,116.03,47.53,3.76,12/10/2017
1049,fuyang,0,47,32.9,115.82,43.84,4.61,12/10/2017
1050,kushima,20,50,31.46,131.23,52.72,11.41,12/10/2017
1051,severo-kurilsk,80,100,50.68,156.12,25.7,4.27,12/10/2017
1052,fortuna,40,23,40.6,-124.16,25.0,3.36,12/10/2017
1053,port hueneme,40,71,34.15,-119.2,54.27,4.05,12/10/2017
1054,ensenada,0,77,31.87,-116.62,41.27,2.48,12/10/2017
1055,deming,1,93,32.27,-107.76,35.2,3.36,12/10/2017
1056,carlsbad,1,76,33.16,-117.35,58.1,6.73,12/10/2017
1057,abilene,20,93,32.45,-99.73,52.9,10.29,12/10/2017
1058,athens,20,65,37.98,23.72,41.86,4.7,12/10/2017
1059,monroe,90,93,32.51,-92.12,53.01,2.53,12/10/2017
1060,meridian,1,83,43.61,-116.39,32.92,2.48,12/10/2017
1061,cordele,90,87,31.96,-83.78,61.47,2.98,12/10/2017
1062,charleston,1,100,32.78,-79.93,62.6,5.82,12/10/2017
1063,wilmington,90,100,34.23,-77.94,56.39,7.4,12/10/2017
1064,havelock,1,100,34.88,-76.9,54.54,6.85,12/10/2017
1065,torbay,40,85,47.67,-52.73,15.8,10.29,12/10/2017
1066,vila franca do campo,75,77,37.72,-25.43,64.4,16.11,12/10/2017
1067,machico,40,59,32.7,-16.77,60.8,10.29,12/10/2017
1068,marrakesh,0,81,31.63,-8.01,46.4,3.36,12/10/2017
1069,misratah,92,100,32.38,15.09,53.56,3.98,12/10/2017
1070,benghazi,92,100,32.12,20.07,62.65,10.25,12/10/2017
1071,damietta,68,92,31.42,31.81,61.7,8.41,12/10/2017
1072,jawa,80,43,31.85,35.94,54.27,4.21,12/10/2017
1073,turayf,40,50,31.67,38.66,51.8,9.17,12/10/2017
1074,shush,0,76,32.19,48.24,36.46,2.53,12/10/2017
1075,shahreza,0,74,32.03,51.88,12.88,4.05,12/10/2017
1076,bafq,0,75,31.61,55.41,28.0,5.84,12/10/2017
1077,birjand,0,50,32.87,59.22,30.2,6.93,12/10/2017
1078,sharan,24,63,54.82,54.0,0.5,6.62,12/10/2017
1079,mitha tiwana,76,63,32.25,72.11,47.89,0.51,12/10/2017
1080,talwara,0,78,31.95,75.87,41.14,2.75,12/10/2017
1081,jumla,0,53,29.27,82.18,20.3,1.74,12/10/2017
1082,jiangyou,0,44,31.77,104.72,41.05,4.09,12/10/2017
1083,gushi,0,63,34.64,109.58,33.85,8.57,12/10/2017
1084,taixing,0,49,32.17,120.01,45.95,10.58,12/10/2017
1085,huilong,0,78,31.81,121.66,48.47,16.17,12/10/2017
1086,fukue,56,100,32.69,128.84,54.73,21.88,12/10/2017
1087,pacifica,1,47,37.61,-122.49,50.14,3.49,12/10/2017
1088,isla vista,1,42,34.41,-119.86,52.57,9.01,12/10/2017
1089,twentynine palms,1,15,34.14,-116.05,54.34,11.41,12/10/2017
1090,paradise valley,1,58,33.53,-111.94,56.32,5.39,12/10/2017
1091,socorro,1,87,31.65,-106.3,47.01,5.82,12/10/2017
1092,portales,1,62,34.19,-103.33,46.13,9.17,12/10/2017
1093,vernon,90,100,50.26,-119.27,30.2,3.36,12/10/2017
1094,durant,90,93,33.99,-96.37,49.55,6.93,12/10/2017
1095,pine bluff,90,100,34.23,-92.0,46.4,5.82,12/10/2017
1096,columbus,90,93,39.96,-83.0,43.79,10.29,12/10/2017
1097,lawrenceville,1,93,33.96,-83.99,49.66,4.7,12/10/2017
1098,florence,1,87,34.8,-87.68,44.98,3.36,12/10/2017
1099,elizabeth city,1,93,36.29,-76.25,43.57,4.05,12/10/2017
1100,camacha,75,59,33.08,-16.33,60.8,10.29,12/10/2017
1101,casablanca,0,100,33.59,-7.62,42.8,9.31,12/10/2017
1102,karpathos,32,67,35.51,27.21,59.0,14.99,12/10/2017
1103,balad,8,82,34.02,44.15,40.78,2.75,12/10/2017
1104,kashan,0,47,33.98,51.44,35.6,1.86,12/10/2017
1105,tabas,0,66,33.6,56.92,30.7,2.71,12/10/2017
1106,taybad,0,80,34.74,60.78,27.59,2.82,12/10/2017
1107,nowshera,40,65,34.01,72.0,46.4,6.93,12/10/2017
1108,kargil,68,82,34.57,76.1,2.75,1.52,12/10/2017
1109,leh,76,78,34.17,77.58,-6.03,0.47,12/10/2017
1110,along,0,42,28.17,94.77,60.22,2.08,12/10/2017
1111,xining,0,23,36.62,101.77,16.03,3.87,12/10/2017
1112,linxia,0,41,35.6,103.21,19.09,3.27,12/10/2017
1113,yuxia,0,34,34.06,108.63,35.6,3.38,12/10/2017
1114,yima,0,42,34.74,111.88,37.09,4.32,12/10/2017
1115,bozhou,0,44,33.88,115.77,43.48,4.5,12/10/2017
1116,dongkan,0,59,34.0,119.83,42.94,11.1,12/10/2017
1117,hikari,75,57,33.95,131.95,50.54,10.29,12/10/2017
1118,ukiah,1,70,39.15,-123.21,48.2,2.19,12/10/2017
1119,avenal,1,37,36.0,-120.13,48.13,1.86,12/10/2017
1120,pahrump,1,26,36.21,-115.98,45.57,3.36,12/10/2017
1121,flagstaff,1,49,35.2,-111.65,32.25,1.48,12/10/2017
1122,bloomfield,20,70,40.81,-74.19,43.54,4.7,12/10/2017
1123,tucumcari,1,65,35.17,-103.72,41.0,8.05,12/10/2017
1124,woodward,1,61,36.43,-99.39,47.35,11.41,12/10/2017
1125,jenks,20,87,36.02,-95.97,45.64,12.75,12/10/2017
1126,batesville,1,87,35.77,-91.64,47.59,4.7,12/10/2017
1127,paris,90,93,48.85,2.35,35.85,5.82,12/10/2017
1128,knoxville,40,100,35.96,-83.92,45.25,8.05,12/10/2017
1129,high point,1,87,35.96,-80.01,42.85,4.72,12/10/2017
1130,virginia beach,40,80,36.85,-75.98,42.96,6.51,12/10/2017
1131,saint-pierre,0,61,-21.34,55.48,80.6,5.82,12/10/2017
1132,horta,92,97,38.53,-28.63,66.07,25.46,12/10/2017
1133,aljezur,0,100,37.32,-8.8,51.22,11.54,12/10/2017
1134,faro,0,61,37.02,-7.93,48.2,5.82,12/10/2017
1135,torrox,75,100,36.76,-3.95,43.75,13.44,12/10/2017
1136,tazmalt,75,87,36.39,4.4,48.2,5.82,12/10/2017
1137,manzil salim,75,100,35.86,8.48,39.2,2.24,12/10/2017
1138,pachino,48,100,36.72,15.09,52.7,12.15,12/10/2017
1139,methoni,20,93,36.82,21.7,39.2,19.42,12/10/2017
1140,ayia marina,20,65,37.75,23.53,41.83,4.7,12/10/2017
1141,lardos,40,82,36.09,28.02,57.2,9.17,12/10/2017
1142,alanya,44,100,36.54,32.0,55.09,5.61,12/10/2017
1143,viransehir,64,70,37.24,39.76,42.58,6.11,12/10/2017
1144,bijar,0,62,35.87,47.61,16.79,4.83,12/10/2017
1145,damavand,0,38,35.72,52.06,41.0,6.93,12/10/2017
1146,shahrud,0,69,36.42,54.98,15.04,2.71,12/10/2017
1147,mashhad,0,50,36.3,59.61,32.0,2.75,12/10/2017
1148,chitral,80,82,35.85,71.79,11.71,0.69,12/10/2017
1149,korla,88,93,41.76,86.15,16.12,5.5,12/10/2017
1150,yumen,0,35,40.28,97.2,16.52,6.4,12/10/2017
1151,lanzhou,0,48,36.06,103.79,21.2,2.24,12/10/2017
1152,pingliang,0,55,35.54,106.69,24.76,3.98,12/10/2017
1153,linfen,20,39,36.09,111.52,27.82,1.48,12/10/2017
1154,yanggu,0,43,36.11,115.78,36.95,4.54,12/10/2017
1155,jiaonan,0,37,35.88,119.98,35.6,4.47,12/10/2017
1156,yatou,8,73,37.15,122.38,34.93,10.42,12/10/2017
1157,seoul,1,78,37.57,126.98,28.33,8.05,12/10/2017
1158,oda,75,60,35.18,132.5,42.8,24.16,12/10/2017
1159,sabae,75,75,35.95,136.19,42.8,25.28,12/10/2017
1160,mitsukaido,1,39,36.02,139.98,49.64,5.82,12/10/2017
1161,kamaishi,90,88,39.27,141.88,32.0,2.24,12/10/2017
1162,nemuro,40,54,43.32,145.57,28.4,8.05,12/10/2017
1163,healdsburg,1,81,38.61,-122.87,47.52,1.48,12/10/2017
1164,merced,1,45,37.3,-120.48,47.3,3.36,12/10/2017
1165,cedar city,1,58,37.68,-113.06,28.4,8.05,12/10/2017
1166,montrose,1,45,38.48,-107.88,28.44,8.05,12/10/2017
1167,pueblo,1,37,38.25,-104.61,40.86,4.7,12/10/2017
1168,dodge city,1,52,37.75,-100.02,44.85,6.93,12/10/2017
1169,emporia,1,75,38.4,-96.18,44.6,13.87,12/10/2017
1170,rolla,1,87,37.95,-91.77,42.8,9.17,12/10/2017
1171,henderson,1,26,36.04,-114.98,49.3,3.36,12/10/2017
1172,winchester,0,100,51.07,-1.32,29.25,3.36,12/10/2017
1173,hollins,40,81,37.34,-79.94,46.02,17.22,12/10/2017
1174,lexington park,90,75,38.27,-76.45,41.65,8.86,12/10/2017
1175,brigantine,90,70,39.41,-74.36,42.73,11.43,12/10/2017
1176,nantucket,90,100,41.28,-70.1,34.02,9.75,12/10/2017
1177,bay roberts,40,85,47.6,-53.26,15.8,10.29,12/10/2017
1178,cascais,0,71,38.7,-9.42,44.55,8.05,12/10/2017
1179,ferreira do alentejo,0,80,38.05,-8.03,39.2,4.7,12/10/2017
1180,andujar,0,75,38.04,-4.05,28.4,2.59,12/10/2017
1181,benidorm,0,50,38.54,-0.13,55.4,14.99,12/10/2017
1182,tigzirt,88,100,36.89,4.12,34.66,2.3,12/10/2017
1183,carbonia,20,86,39.17,8.52,42.17,5.82,12/10/2017
1184,marsala,0,80,37.8,12.44,44.13,6.93,12/10/2017
1185,melito di porto salvo,40,61,37.92,15.77,50.0,6.93,12/10/2017
1186,lixourion,48,100,38.2,20.43,51.67,15.95,12/10/2017
1187,rafina,20,93,38.02,24.01,42.22,2.24,12/10/2017
1188,beysehir,12,96,37.68,31.72,43.07,13.04,12/10/2017
1189,goksun,40,81,38.02,36.5,44.6,1.74,12/10/2017
1190,ergani,40,89,38.27,39.76,33.8,5.82,12/10/2017
1191,hakkari,12,81,37.58,44.17,13.6,3.04,12/10/2017
1192,ardabil,0,92,38.25,48.29,21.2,4.7,12/10/2017
1193,fereydun kenar,0,93,36.69,52.52,38.68,4.7,12/10/2017
1194,kalaleh,0,58,37.38,55.49,33.94,3.76,12/10/2017
1195,kaka,0,65,37.35,59.61,20.89,2.53,12/10/2017
1196,sayat,5,86,38.78,63.88,28.4,4.7,12/10/2017
1197,shache,80,89,38.42,77.24,20.35,3.83,12/10/2017
1198,hami,0,64,42.8,93.45,10.36,0.74,12/10/2017
1199,zhangye,0,56,38.93,100.45,17.69,8.79,12/10/2017
1200,wuwei,0,43,37.93,102.64,19.67,2.71,12/10/2017
1201,yinchuan,0,64,38.47,106.27,16.3,4.27,12/10/2017
1202,taiyuan,0,45,37.87,112.56,24.8,2.24,12/10/2017
1203,hengshui,0,39,37.73,115.7,33.17,9.01,12/10/2017
1204,longkou,0,100,37.65,120.33,34.03,8.75,12/10/2017
1205,izumo,75,60,35.37,132.77,43.83,24.16,12/10/2017
1206,wajima,75,86,37.4,136.9,37.4,13.87,12/10/2017
1207,nagai,75,100,38.1,140.03,33.8,3.36,12/10/2017
1208,provideniya,90,99,64.38,-173.3,32.0,15.66,12/10/2017
1209,kodiak,1,79,57.79,-152.41,28.4,5.82,12/10/2017
1210,sitka,20,100,57.05,-135.33,31.73,6.11,12/10/2017
1211,sun valley,1,72,39.6,-119.78,32.59,0.74,12/10/2017
1212,elko,1,68,40.83,-115.76,28.4,3.36,12/10/2017
1213,payson,1,79,40.04,-111.73,26.83,0.58,12/10/2017
1214,craig,1,78,40.52,-107.55,22.17,2.3,12/10/2017
1215,fort morgan,1,60,40.25,-103.8,35.67,10.29,12/10/2017
1216,lexington,90,87,37.99,-84.48,45.81,8.05,12/10/2017
1217,beatrice,1,56,40.27,-96.75,42.96,8.05,12/10/2017
1218,quincy,90,100,42.25,-71.0,35.6,5.82,12/10/2017
1219,urbana,1,93,40.11,-88.21,41.0,11.41,12/10/2017
1220,tipp city,90,100,39.96,-84.17,44.33,13.87,12/10/2017
1221,uniontown,90,100,39.9,-79.72,41.4,10.29,12/10/2017
1222,coatesville,90,75,39.98,-75.82,43.81,3.36,12/10/2017
1223,mastic beach,90,81,40.77,-72.85,40.5,6.93,12/10/2017
1224,shelburne,90,93,44.08,-80.2,37.4,3.36,12/10/2017
1225,port hawkesbury,90,57,45.62,-61.35,19.4,2.24,12/10/2017
1226,lagoa,68,97,39.05,-27.98,66.7,25.12,12/10/2017
1227,peniche,0,100,39.36,-9.38,43.75,3.36,12/10/2017
1228,castanheira de pera,0,100,40.01,-8.21,37.4,3.36,12/10/2017
1229,toledo,90,81,41.66,-83.56,42.33,14.99,12/10/2017
1230,burriana,75,76,39.89,-0.09,55.4,12.75,12/10/2017
1231,cabras,64,85,39.93,8.53,47.84,11.25,12/10/2017
1232,anzio,0,64,41.49,12.62,33.75,11.41,12/10/2017
1233,lauria,0,99,40.05,15.84,24.62,3.71,12/10/2017
1234,delvine,40,93,39.95,20.1,41.0,1.74,12/10/2017
1235,susurluk,40,100,39.91,28.16,43.54,2.24,12/10/2017
1236,gerede,92,100,40.8,32.2,33.04,2.98,12/10/2017
1237,zile,75,93,40.3,35.89,42.8,3.76,12/10/2017
1238,bayburt,80,84,40.26,40.23,25.39,2.3,12/10/2017
1239,janfida,90,92,40.04,44.02,24.8,1.12,12/10/2017
1240,gazanjyk,56,91,39.24,55.52,25.03,3.09,12/10/2017
1241,hazorasp,0,84,41.32,61.07,8.6,9.17,12/10/2017
1242,zomin,32,76,39.96,68.4,25.25,3.38,12/10/2017
1243,kashi,90,73,39.45,75.98,21.2,2.24,12/10/2017
1244,aksu,0,52,41.12,80.26,-2.2,2.19,12/10/2017
1245,jinchang,0,45,38.5,102.17,16.66,6.89,12/10/2017
1246,hohhot,0,56,40.81,111.65,14.0,4.47,12/10/2017
1247,mentougou,0,22,39.94,116.09,35.6,13.42,12/10/2017
1248,qinhuangdao,0,17,39.93,119.59,25.52,3.76,12/10/2017
1249,dandong,0,36,40.13,124.39,16.93,3.71,12/10/2017
1250,linjiang,44,67,41.81,126.91,3.74,6.85,12/10/2017
1251,tenno,75,100,39.9,139.97,30.87,2.24,12/10/2017
1252,miyako,64,100,39.64,141.95,48.02,29.44,12/10/2017
1253,bethel,90,80,41.37,-73.41,39.24,3.36,12/10/2017
1254,port hardy,90,100,50.7,-127.42,37.4,2.24,12/10/2017
1255,north bend,90,100,43.41,-124.22,48.2,5.82,12/10/2017
1256,coos bay,90,100,43.37,-124.22,48.2,5.82,12/10/2017
1257,eureka,1,93,40.8,-124.16,22.82,2.75,12/10/2017
1258,grants pass,1,86,42.44,-123.33,41.77,3.36,12/10/2017
1259,susanville,1,74,40.42,-120.65,30.2,4.7,12/10/2017
1260,mountain home,1,100,43.13,-115.69,30.45,2.48,12/10/2017
1261,preston,92,100,53.77,-2.72,34.68,5.82,12/10/2017
1262,rawlins,40,69,41.79,-107.24,33.8,5.82,12/10/2017
1263,torrington,90,74,41.8,-73.12,35.24,4.7,12/10/2017
1264,north platte,1,64,41.12,-100.77,33.8,5.82,12/10/2017
1265,south sioux city,1,64,42.47,-96.41,42.87,4.7,12/10/2017
1266,cedar rapids,1,65,42.01,-91.64,38.84,9.17,12/10/2017
1267,elk grove village,75,81,42.0,-87.97,42.35,16.11,12/10/2017
1268,adrian,75,93,41.9,-84.04,42.26,8.05,12/10/2017
1269,erie,90,86,42.13,-80.09,38.7,18.34,12/10/2017
1270,endicott,90,93,42.1,-76.05,38.12,9.17,12/10/2017
1271,southbridge,90,86,42.08,-72.03,33.55,3.53,12/10/2017
1272,brewster,90,80,41.4,-73.62,38.84,3.36,12/10/2017
1273,liverpool,48,100,53.41,-2.98,34.63,5.82,12/10/2017
1274,praia da vitoria,75,88,38.73,-27.07,66.2,25.34,12/10/2017
1275,muros,75,100,42.78,-9.06,51.8,8.05,12/10/2017
1276,real,75,100,14.66,121.6,80.6,4.7,12/10/2017
1277,aranda de duero,8,95,41.67,-3.69,37.67,10.13,12/10/2017
1278,barbastro,0,100,42.04,0.13,35.6,1.12,12/10/2017
1279,palafrugell,0,87,41.92,3.16,42.8,12.75,12/10/2017
1280,ajaccio,90,75,41.92,8.73,43.29,6.93,12/10/2017
1281,cerveteri,0,69,41.99,12.09,33.78,5.82,12/10/2017
1282,vieste,0,100,41.88,16.18,46.18,17.07,12/10/2017
1283,fushe-arrez,8,100,42.06,20.02,25.84,5.06,12/10/2017
1284,velingrad,88,100,42.03,24.0,32.0,12.75,12/10/2017
1285,zonguldak,92,100,41.25,31.83,45.82,6.33,12/10/2017
1286,bafra,75,93,41.57,35.91,46.4,4.7,12/10/2017
1287,trabzon,75,87,40.92,39.83,55.4,12.75,12/10/2017
1288,gori,0,66,41.98,44.12,20.44,2.26,12/10/2017
1289,khuchni,20,77,41.95,47.95,24.62,2.08,12/10/2017
1290,kuryk,36,100,43.2,51.65,28.4,16.28,12/10/2017
1291,gazli,48,78,40.13,63.45,23.9,8.75,12/10/2017
1292,talas,75,75,38.69,35.55,42.8,5.82,12/10/2017
1293,hovd,8,61,48.01,91.64,-15.84,2.3,12/10/2017
1294,zhangjiakou,0,39,40.81,114.88,22.78,7.34,12/10/2017
1295,chaoyang,0,22,41.57,120.46,24.04,8.63,12/10/2017
1296,fushun,0,31,41.86,123.92,15.8,4.47,12/10/2017
1297,songjianghe,44,67,42.19,127.48,3.74,6.85,12/10/2017
1298,olga,0,39,43.74,135.29,1.54,9.01,12/10/2017
1299,kamiiso,75,74,41.82,140.65,28.4,6.93,12/10/2017
1300,kushiro,40,90,42.98,144.37,32.0,9.17,12/10/2017
1301,redmond,90,93,47.67,-122.12,43.39,6.93,12/10/2017
1302,garden city,90,93,42.33,-83.33,41.16,6.93,12/10/2017
1303,rexburg,90,86,43.83,-111.79,29.03,3.36,12/10/2017
1304,worland,1,92,44.02,-107.96,18.61,4.7,12/10/2017
1305,spearfish,75,34,44.49,-103.86,44.94,17.22,12/10/2017
1306,pierre,1,64,44.37,-100.35,37.4,5.82,12/10/2017
1307,marshall,90,87,32.54,-94.37,54.37,2.37,12/10/2017
1308,winona,1,65,44.05,-91.64,39.16,8.05,12/10/2017
1309,manitowoc,1,86,44.09,-87.66,35.65,6.93,12/10/2017
1310,bay city,90,93,43.59,-83.89,37.42,11.41,12/10/2017
1311,orangeville,90,93,43.92,-80.1,37.4,3.36,12/10/2017
1312,watertown,90,82,42.37,-71.18,33.39,3.31,12/10/2017
1313,haverhill,90,100,42.78,-71.08,30.63,4.32,12/10/2017
1314,bar harbor,90,92,44.39,-68.2,19.15,7.63,12/10/2017
1315,lunenburg,80,100,44.38,-64.32,30.34,8.63,12/10/2017
1316,naron,90,100,43.52,-8.15,53.6,4.7,12/10/2017
1317,santander,88,87,43.46,-3.8,51.8,4.7,12/10/2017
1318,tonneins,0,90,44.39,0.31,30.99,3.36,12/10/2017
1319,ales,0,86,44.13,4.08,37.4,9.17,12/10/2017
1320,imperia,0,48,43.88,8.02,42.8,9.17,12/10/2017
1321,bertinoro,75,86,44.15,12.14,35.78,4.7,12/10/2017
1322,knin,0,40,44.04,16.2,30.04,8.05,12/10/2017
1323,kosjeric,80,100,44.0,19.91,27.91,6.93,12/10/2017
1324,marsani,92,93,44.02,24.02,35.6,5.82,12/10/2017
1325,dumbraveni,0,86,46.23,24.57,28.54,4.7,12/10/2017
1326,zaozerne,20,100,45.16,33.28,43.57,13.38,12/10/2017
1327,ordzhonikidze,12,30,52.44,61.74,-20.43,3.2,12/10/2017
1328,kamennomostskiy,88,98,44.3,40.19,40.42,3.6,12/10/2017
1329,sovetskaya,92,94,44.78,41.17,32.45,2.3,12/10/2017
1330,makhachkala,40,87,42.98,47.5,44.6,8.95,12/10/2017
1331,shetpe,24,81,44.17,52.12,12.16,6.73,12/10/2017
1332,beyneu,48,80,45.32,55.2,4.78,5.39,12/10/2017
1333,kentau,76,61,43.52,68.51,13.1,1.81,12/10/2017
1334,mikhaylovka,92,97,50.06,43.24,34.48,15.05,12/10/2017
1335,zharkent,48,53,44.16,80.0,9.05,2.26,12/10/2017
1336,kuytun,88,57,54.34,101.5,25.48,9.42,12/10/2017
1337,mandalgovi,0,72,45.76,106.27,13.15,13.04,12/10/2017
1338,mujiayingzi,32,36,42.12,118.78,20.26,9.91,12/10/2017
1339,chifeng,32,36,42.27,118.96,20.26,9.91,12/10/2017
1340,zhengjiatun,0,45,43.51,123.51,8.11,8.12,12/10/2017
1341,huangnihe,36,57,43.56,128.02,1.72,6.55,12/10/2017
1342,vozdvizhenka,8,39,43.9,131.95,12.2,11.18,12/10/2017
1343,rudnaya pristan,0,48,44.36,135.81,1.67,9.91,12/10/2017
1344,yoichi,75,73,43.2,140.77,26.6,9.17,12/10/2017
1345,bihoro,20,73,43.82,144.1,19.4,5.82,12/10/2017
1346,kurilsk,36,100,45.23,147.88,31.1,16.28,12/10/2017
1347,ucluelet,92,100,48.93,-125.55,35.83,1.74,12/10/2017
1348,astoria,90,93,46.19,-123.83,46.4,6.93,12/10/2017
1349,grandview,1,81,38.89,-94.53,43.32,13.87,12/10/2017
1350,lewiston,90,92,44.1,-70.21,20.01,4.7,12/10/2017
1351,butte,90,55,46.0,-112.53,39.2,6.93,12/10/2017
1352,billings,90,80,45.78,-108.5,35.6,13.87,12/10/2017
1353,glendive,90,100,47.11,-104.71,29.41,12.75,12/10/2017
1354,bismarck,90,74,46.81,-100.78,36.43,12.75,12/10/2017
1355,fergus falls,75,100,46.28,-96.08,33.06,4.7,12/10/2017
1356,superior,90,94,46.72,-92.1,34.41,8.05,12/10/2017
1357,marquette,90,92,46.54,-87.4,30.2,12.75,12/10/2017
1358,thessalon,90,93,46.25,-83.57,34.29,9.17,12/10/2017
1359,maniwaki,88,86,46.38,-75.97,11.57,3.53,12/10/2017
1360,houlton,90,92,46.13,-67.84,11.19,2.82,12/10/2017
1361,amherst,90,75,41.4,-82.22,43.7,13.87,12/10/2017
1362,carballo,75,100,43.21,-8.69,52.77,8.05,12/10/2017
1363,cervo,88,100,43.67,-7.41,54.91,2.71,12/10/2017
1364,ploemeur,0,78,47.73,-3.43,34.83,4.7,12/10/2017
1365,angouleme,0,93,45.65,0.15,34.65,8.05,12/10/2017
1366,riorges,90,93,46.04,4.05,38.26,3.36,12/10/2017
1367,zermatt,12,92,46.02,7.75,15.8,1.12,12/10/2017
1368,valdobbiadene,40,63,45.9,11.99,31.96,4.7,12/10/2017
1369,zagreb,0,92,45.81,15.98,25.75,4.7,12/10/2017
1370,kanjiza,0,86,46.07,20.05,30.2,6.93,12/10/2017
1371,suceveni,0,84,46.01,28.02,26.47,11.32,12/10/2017
1372,bekhtery,0,100,46.25,32.29,32.27,11.54,12/10/2017
1373,novyy svit,88,89,47.81,38.02,32.14,5.88,12/10/2017
1374,novoleushkovskaya,92,100,46.0,39.99,42.67,10.13,12/10/2017
1375,arshan,92,100,46.27,44.22,33.8,13.42,12/10/2017
1376,kamyzyak,0,86,46.11,48.07,26.6,13.42,12/10/2017
1377,sarkand,0,51,45.41,79.92,7.21,2.48,12/10/2017
1378,altay,0,41,47.87,88.12,-8.91,2.19,12/10/2017
1379,darhan,88,64,49.49,105.92,15.13,4.5,12/10/2017
1380,baruun-urt,8,70,46.68,113.28,16.12,13.82,12/10/2017
1381,tailai,0,45,46.38,123.4,3.97,5.28,12/10/2017
1382,binzhou,0,35,37.37,118.02,34.21,5.84,12/10/2017
1383,baoqing,0,54,46.33,132.21,-5.13,9.75,12/10/2017
1384,vostok,24,51,46.49,135.88,-10.62,5.28,12/10/2017
1385,svetlaya,0,100,46.54,138.33,7.84,10.54,12/10/2017
1386,petropavlovsk-kamchatskiy,8,45,53.05,158.65,23.0,6.71,12/10/2017
1387,prince rupert,90,93,54.32,-130.32,35.6,5.82,12/10/2017
1388,sooke,90,87,48.37,-123.73,42.76,6.93,12/10/2017
1389,east wenatchee bench,90,93,47.43,-120.28,37.47,3.36,12/10/2017
1390,sandpoint,1,100,48.28,-116.55,34.43,3.36,12/10/2017
1391,great falls,90,92,47.5,-111.3,25.65,4.7,12/10/2017
1392,shaunavon,44,73,49.65,-108.42,23.99,14.12,12/10/2017
1393,sidney,90,100,40.28,-84.16,43.34,12.75,12/10/2017
1394,devils lake,1,83,48.11,-98.87,31.05,17.22,12/10/2017
1395,grand forks,75,92,47.93,-97.03,33.04,16.11,12/10/2017
1396,atikokan,80,91,48.76,-91.62,29.84,8.9,12/10/2017
1397,terrace bay,92,100,48.78,-87.1,35.11,19.42,12/10/2017
1398,chapleau,90,92,47.84,-83.4,28.4,9.17,12/10/2017
1399,kirkland lake,90,100,48.14,-80.04,23.0,8.05,12/10/2017
1400,senneterre,90,92,48.38,-77.23,19.4,11.41,12/10/2017
1401,price,1,49,39.6,-110.81,26.6,3.36,12/10/2017
1402,channel-port aux basques,48,100,47.57,-59.14,30.97,18.7,12/10/2017
1403,harbour breton,76,100,47.48,-55.8,28.49,8.34,12/10/2017
1404,dingle,24,97,11.0,122.67,81.28,7.85,12/10/2017
1405,bantry,92,97,51.68,-9.45,51.94,9.91,12/10/2017
1406,penzance,75,87,50.12,-5.54,46.4,8.05,12/10/2017
1407,quimper,0,100,48.0,-4.1,36.68,3.36,12/10/2017
1408,allonnes,0,100,47.97,0.16,28.4,1.12,12/10/2017
1409,saint-andre-les-vergers,90,93,48.29,4.05,41.0,3.36,12/10/2017
1410,kirchzarten,90,100,47.97,7.95,33.76,1.12,12/10/2017
1411,berndorf,0,79,47.95,16.11,26.6,8.05,12/10/2017
1412,matranovak,12,75,48.04,19.98,15.22,2.48,12/10/2017
1413,bocicoiu mare,24,82,47.97,24.0,14.99,2.08,12/10/2017
1414,drochia,76,80,48.03,27.82,28.4,17.92,12/10/2017
1415,kompaniyivka,64,92,48.25,32.21,29.3,14.9,12/10/2017
1416,novomykolayivka,75,96,47.98,35.91,32.0,8.95,12/10/2017
1417,almaznyy,92,100,48.04,40.05,39.47,5.99,12/10/2017
1418,oktyabrskiy,44,93,54.48,53.47,0.91,7.56,12/10/2017
1419,tambovka,0,40,50.1,128.05,-0.41,6.71,12/10/2017
1420,shubarkuduk,0,61,49.14,56.49,-7.15,4.54,12/10/2017
1421,emba,40,93,34.81,32.42,60.04,4.7,12/10/2017
1422,atasu,0,43,48.68,71.64,-14.71,3.04,12/10/2017
1423,ayagoz,0,67,47.97,80.44,-2.16,5.77,12/10/2017
1424,kurchum,8,74,48.57,83.65,-17.46,3.27,12/10/2017
1425,ulaangom,0,32,49.98,92.07,-12.46,2.37,12/10/2017
1426,erzin,75,87,36.96,36.2,51.08,4.5,12/10/2017
1427,moron,0,53,-34.65,-58.62,67.41,13.87,12/10/2017
1428,bulgan,12,60,48.81,103.53,22.1,13.27,12/10/2017
1429,ulaanbaatar,75,77,47.91,106.88,-0.41,2.24,12/10/2017
1430,zabaykalsk,68,71,49.63,117.32,-3.55,3.83,12/10/2017
1431,hailar,12,60,49.2,119.7,-14.08,3.53,12/10/2017
1432,gannan,0,51,47.91,123.5,-3.87,4.88,12/10/2017
1433,babstovo,0,54,48.12,132.48,-4.68,8.75,12/10/2017
1434,mukhen,32,48,48.1,136.1,-8.68,8.01,12/10/2017
1435,sovetskaya gavan,36,100,48.97,140.29,1.94,11.59,12/10/2017
1436,makarov,24,100,48.63,142.8,9.5,6.29,12/10/2017
1437,ketchikan,90,93,55.34,-131.65,36.19,4.7,12/10/2017
1438,powell river,90,93,49.85,-124.54,36.18,2.24,12/10/2017
1439,peachland,90,100,49.77,-119.74,32.92,3.36,12/10/2017
1440,kimberley,0,76,-28.73,24.76,57.2,6.93,12/10/2017
1441,taber,75,85,49.82,-112.15,17.6,10.29,12/10/2017
1442,swift current,1,67,50.28,-107.8,21.2,18.34,12/10/2017
1443,weyburn,24,64,49.67,-103.85,25.97,15.84,12/10/2017
1444,brandon,75,93,27.94,-82.29,67.35,4.05,12/10/2017
1445,pinawa,76,86,50.15,-95.88,23.77,14.12,12/10/2017
1446,sioux lookout,75,92,50.1,-91.92,27.64,5.82,12/10/2017
1447,hearst,92,83,49.68,-83.67,31.15,8.57,12/10/2017
1448,cochrane,40,85,51.18,-114.47,18.79,5.82,12/10/2017
1449,chapais,90,92,49.78,-74.85,15.8,9.17,12/10/2017
1450,baie-comeau,1,83,49.22,-68.15,1.13,4.7,12/10/2017
1451,havre-saint-pierre,90,92,50.23,-63.6,14.0,2.24,12/10/2017
1452,saint-augustin,48,100,51.23,-58.65,13.55,13.04,12/10/2017
1453,springdale,75,81,36.19,-94.13,45.7,5.82,12/10/2017
1454,bonavista,0,100,48.65,-53.11,21.29,14.67,12/10/2017
1455,nanortalik,0,100,60.14,-45.24,29.89,27.47,12/10/2017
1456,kinsale,75,100,51.71,-8.53,48.2,4.7,12/10/2017
1457,ivybridge,0,100,50.39,-3.92,28.4,1.12,12/10/2017
1458,fecamp,90,100,49.76,0.37,37.35,5.82,12/10/2017
1459,fourmies,92,100,50.02,4.05,36.14,4.7,12/10/2017
1460,geisenheim,90,100,49.98,7.97,33.06,2.82,12/10/2017
1461,wunsiedel,90,100,50.03,12.02,21.2,1.12,12/10/2017
1462,holice,90,92,50.07,15.99,23.85,3.36,12/10/2017
1463,wieliczka,90,86,49.99,20.06,26.6,4.7,12/10/2017
1464,zhovkva,90,86,50.06,23.97,26.6,6.71,12/10/2017
1465,chudniv,92,86,50.05,28.12,26.11,23.06,12/10/2017
1466,drabiv,88,93,49.96,32.15,30.43,19.42,12/10/2017
1467,peresichna,90,80,50.02,35.98,33.8,11.18,12/10/2017
1468,mitrofanovka,92,100,49.97,39.69,35.69,9.53,12/10/2017
1469,danilovka,92,98,50.36,44.12,28.49,14.27,12/10/2017
1470,novouzensk,68,86,50.46,48.14,11.17,12.82,12/10/2017
1471,dombarovskiy,0,28,50.76,59.54,-19.53,2.98,12/10/2017
1472,atbasar,0,24,51.8,68.33,-16.38,3.98,12/10/2017
1473,semey,0,42,50.41,80.23,-26.86,2.82,12/10/2017
1474,zyryanovsk,0,56,49.74,84.27,-12.51,1.74,12/10/2017
1475,aktash,0,49,50.3,87.73,-13.32,3.76,12/10/2017
1476,kholtoson,0,65,50.3,103.31,5.14,6.22,12/10/2017
1477,bichura,80,75,50.59,107.6,21.52,5.99,12/10/2017
1478,kyra,68,58,49.58,111.98,14.77,9.64,12/10/2017
1479,sherlovaya gora,80,75,50.57,116.25,-1.62,4.38,12/10/2017
1480,alihe,0,42,50.57,123.72,-0.99,4.21,12/10/2017
1481,tyrma,0,57,50.08,132.17,-12.87,4.76,12/10/2017
1482,vysokogornyy,24,53,50.12,139.15,-11.79,6.06,12/10/2017
1483,poronaysk,8,100,49.22,143.12,7.52,8.86,12/10/2017
1484,quesnel,90,92,53.0,-122.5,23.0,2.24,12/10/2017
1485,chase,90,98,50.82,-119.69,32.0,6.93,12/10/2017
1486,banff,12,76,51.18,-115.57,4.33,1.48,12/10/2017
1487,hanna,0,72,51.63,-111.9,15.76,7.74,12/10/2017
1488,biggar,75,93,55.62,-3.52,47.62,9.17,12/10/2017
1489,wadena,1,100,46.44,-95.14,32.04,4.7,12/10/2017
1490,dauphin,20,79,51.15,-100.05,24.8,20.8,12/10/2017
1491,gimli,0,82,50.63,-96.99,23.14,14.83,12/10/2017
1492,port-cartier,20,76,50.03,-66.87,-9.41,14.27,12/10/2017
1493,saint anthony,40,80,45.02,-93.22,40.06,3.36,12/10/2017
1494,grindavik,75,93,63.84,-22.43,37.4,23.04,12/10/2017
1495,youghal,75,100,51.95,-7.85,48.2,4.7,12/10/2017
1496,carmarthen,0,100,51.86,-4.31,30.2,3.36,12/10/2017
1497,hertford,0,93,51.8,-0.08,31.89,8.05,12/10/2017
1498,monster,56,100,52.03,4.17,40.41,2.24,12/10/2017
1499,sassenberg,75,100,52.0,8.05,35.6,3.36,12/10/2017
1500,zerbst,90,89,51.97,12.08,32.0,4.7,12/10/2017
1501,wolsztyn,90,100,52.12,16.12,27.43,6.93,12/10/2017
1502,lowicz,90,92,52.11,19.95,27.54,8.05,12/10/2017
1503,lyuban,92,89,52.8,28.0,25.75,21.61,12/10/2017
1504,shchors,92,96,51.82,31.95,33.62,10.13,12/10/2017
1505,fatezh,75,80,52.09,35.86,33.8,15.66,12/10/2017
1506,verkhnyaya khava,90,93,51.84,39.94,41.0,8.95,12/10/2017
1507,rtishchevo,92,94,52.26,43.79,28.67,15.39,12/10/2017
1508,balakovo,92,100,52.03,47.8,11.62,8.57,12/10/2017
1509,kurmanayevka,32,79,52.51,52.07,-0.72,8.52,12/10/2017
1510,matveyevka,0,70,52.15,56.18,-0.41,4.47,12/10/2017
1511,krasnoyarskiy,0,28,51.97,59.9,-19.71,2.98,12/10/2017
1512,stepnogorsk,0,34,52.35,71.89,-23.22,3.38,12/10/2017
1513,mikhaylovskoye,24,56,51.82,79.72,-19.08,2.86,12/10/2017
1514,petropavlovskoye,12,57,52.07,84.11,-19.53,2.26,12/10/2017
1515,tashtagol,0,40,52.77,87.89,-13.36,2.3,12/10/2017
1516,toora-khem,0,63,52.47,96.11,-6.25,2.71,12/10/2017
1517,orlik,8,71,52.52,99.83,11.71,3.71,12/10/2017
1518,onokhoy,90,85,51.93,108.07,24.8,8.95,12/10/2017
1519,mogzon,68,63,51.74,111.96,11.44,10.76,12/10/2017
1520,shilka,44,52,51.85,116.03,-5.26,1.81,12/10/2017
1521,nerchinskiy zavod,0,58,51.31,119.61,-13.63,2.26,12/10/2017
1522,tahe,0,44,52.33,124.73,-1.75,7.56,12/10/2017
1523,shimanovsk,0,49,52.0,127.7,-9.0,3.87,12/10/2017
1524,berezovyy,0,46,51.67,135.7,-16.38,3.38,12/10/2017
1525,bogorodskoye,92,96,56.55,37.88,28.9,10.13,12/10/2017
1526,egvekinot,88,88,66.32,-179.17,21.25,10.31,12/10/2017
1527,palmer,90,86,42.16,-72.33,32.52,3.36,12/10/2017
1528,kitimat,90,94,54.05,-128.65,33.8,3.36,12/10/2017
1529,vanderhoof,0,84,54.02,-124.02,18.59,3.04,12/10/2017
1530,beaverlodge,90,73,55.22,-119.44,21.2,6.93,12/10/2017
1531,whitecourt,75,62,54.15,-115.69,24.8,8.05,12/10/2017
1532,two hills,8,80,53.72,-111.75,20.53,12.37,12/10/2017
1533,meadow lake,40,80,34.8,-106.54,32.88,9.17,12/10/2017
1534,nipawin,90,72,53.37,-104.0,15.8,17.22,12/10/2017
1535,the pas,90,72,53.83,-101.25,12.2,24.16,12/10/2017
1536,thompson,90,77,55.74,-97.86,6.8,13.87,12/10/2017
1537,sept-iles,20,76,50.2,-66.38,-9.41,2.48,12/10/2017
1538,tasiilaq,88,93,65.61,-37.64,32.0,16.17,12/10/2017
1539,vestmannaeyjar,36,100,63.44,-20.27,40.78,22.17,12/10/2017
1540,boyle,92,97,53.97,-8.3,48.97,12.1,12/10/2017
1541,whitehaven,100,83,54.55,-3.58,44.92,10.54,12/10/2017
1542,bridlington,20,93,54.08,-0.19,35.02,4.7,12/10/2017
1543,den helder,90,93,52.96,4.76,44.65,4.7,12/10/2017
1544,jever,75,93,53.58,7.9,39.2,2.24,12/10/2017
1545,bad doberan,75,88,54.11,11.9,33.8,5.82,12/10/2017
1546,bialogard,44,92,54.01,15.99,23.68,5.5,12/10/2017
1547,morag,56,100,53.92,19.93,19.18,6.62,12/10/2017
1548,druskininkai,88,92,54.02,23.97,22.24,7.85,12/10/2017
1549,minsk,90,79,53.9,27.57,28.4,20.13,12/10/2017
1550,khislavichi,92,86,54.19,32.16,29.12,20.65,12/10/2017
1551,sosenskiy,92,96,54.06,35.96,32.86,10.31,12/10/2017
1552,korablino,92,96,53.92,40.01,36.91,15.05,12/10/2017
1553,kovylkino,92,94,54.04,43.91,26.15,15.28,12/10/2017
1554,kamyshla,36,75,54.12,52.14,0.32,7.9,12/10/2017
1555,tolbazy,0,77,54.02,55.88,-2.21,4.47,12/10/2017
1556,uyskoye,0,29,54.38,60.0,-20.2,2.82,12/10/2017
1557,borovskoy,20,62,53.8,64.15,-13.14,3.09,12/10/2017
1558,sergeyevka,0,67,53.88,67.42,-14.76,3.2,12/10/2017
1559,poltavka,0,35,54.37,71.76,-23.08,2.86,12/10/2017
1560,kachiry,20,31,53.07,76.1,-20.88,4.21,12/10/2017
1561,pankrushikha,20,49,53.83,80.34,-16.56,3.04,12/10/2017
1562,pervomayskoye,92,95,43.92,46.71,47.71,16.62,12/10/2017
1563,mezhdurechensk,0,52,53.69,88.06,-10.66,2.53,12/10/2017
1564,tulun,88,57,54.56,100.58,26.69,9.86,12/10/2017
1565,osa,68,79,57.28,55.46,10.94,6.51,12/10/2017
1566,khuzhir,76,100,53.19,107.34,15.31,10.8,12/10/2017
1567,sosnovo-ozerskoye,56,65,52.52,111.54,6.13,8.41,12/10/2017
1568,bukachacha,0,49,52.98,116.92,-18.27,2.53,12/10/2017
1569,mogocha,0,57,53.73,119.77,-21.42,2.53,12/10/2017
1570,skovorodino,0,56,53.98,123.92,-6.43,5.88,12/10/2017
1571,zeya,0,64,53.75,127.27,-15.3,2.59,12/10/2017
1572,chumikan,0,65,54.72,135.31,-8.73,13.11,12/10/2017
1573,mnogovershinnyy,56,63,53.94,139.92,-8.55,7.56,12/10/2017
1574,okha,0,88,53.57,142.95,-6.48,14.67,12/10/2017
1575,beringovskiy,0,85,63.05,179.32,27.55,12.15,12/10/2017
1576,smithers,75,92,54.78,-127.17,14.0,2.24,12/10/2017
1577,mackenzie,90,92,55.3,-123.17,12.2,2.24,12/10/2017
1578,dawson creek,75,85,55.77,-120.24,19.17,2.24,12/10/2017
1579,high prairie,88,76,55.43,-116.49,23.68,4.76,12/10/2017
1580,athabasca,48,72,54.72,-113.29,23.14,10.76,12/10/2017
1581,la ronge,90,65,55.1,-105.28,6.8,19.46,12/10/2017
1582,buncrana,24,94,55.13,-7.45,48.7,14.34,12/10/2017
1583,cumbernauld,90,93,55.95,-3.99,47.61,9.17,12/10/2017
1584,whitley bay,0,93,55.04,-1.45,44.73,9.17,12/10/2017
1585,vigrestad,75,100,58.57,5.7,37.4,9.17,12/10/2017
1586,hvide sande,92,93,56.0,8.13,37.35,3.36,12/10/2017
1587,frederiksvaerk,12,100,55.97,12.02,36.81,4.7,12/10/2017
1588,karlskrona,36,100,56.16,15.59,33.8,2.24,12/10/2017
1589,linkuva,75,100,56.09,23.97,28.4,5.82,12/10/2017
1590,zilupe,76,92,56.39,28.12,22.24,3.2,12/10/2017
1591,zapadnaya dvina,80,89,56.26,32.07,18.19,12.15,12/10/2017
1592,volokolamsk,92,93,56.03,35.97,28.67,14.27,12/10/2017
1593,sobinka,92,94,55.99,40.01,28.85,9.86,12/10/2017
1594,zvenigovo,76,72,55.97,48.02,15.8,15.66,12/10/2017
1595,grakhovo,0,51,56.05,51.97,12.2,8.95,12/10/2017
1596,starobaltachevo,48,73,56.0,55.92,6.31,8.34,12/10/2017
1597,nizhniy ufaley,20,48,55.92,59.98,-8.86,2.48,12/10/2017
1598,armizonskoye,0,43,55.95,67.67,-13.95,3.09,12/10/2017
1599,tyukalinsk,12,21,55.87,72.2,-13.77,7.56,12/10/2017
1600,ust-tarka,0,71,55.57,75.7,-10.03,9.91,12/10/2017
1601,ubinskoye,20,64,55.31,79.68,-13.77,8.52,12/10/2017
1602,kozhevnikovo,0,83,56.26,83.97,-4.77,9.01,12/10/2017
1603,suslovo,0,78,56.22,88.12,4.96,8.12,12/10/2017
1604,divnogorsk,20,31,55.96,92.36,21.2,17.9,12/10/2017
1605,ilanskiy,44,76,56.24,96.06,14.86,13.33,12/10/2017
1606,chunskiy,80,57,56.08,99.63,21.34,11.1,12/10/2017
1607,shestakovo,80,82,56.49,103.96,12.34,4.32,12/10/2017
1608,kazachinskoye,8,72,57.7,93.28,10.9,9.86,12/10/2017
1609,taksimo,20,50,56.34,114.88,-19.48,2.04,12/10/2017
1610,tokur,0,33,53.13,132.9,-24.12,2.98,12/10/2017
1611,ayan,12,100,56.45,138.17,-20.43,11.54,12/10/2017
1612,arman,0,67,59.7,150.17,-22.01,5.73,12/10/2017
1613,ola,8,67,59.58,151.28,-22.01,6.73,12/10/2017
1614,klyuchi,20,53,52.27,79.17,-18.0,3.04,12/10/2017
1615,anchorage,90,92,61.22,-149.9,16.02,3.36,12/10/2017
1616,haines junction,0,82,60.75,-137.51,-1.44,2.26,12/10/2017
1617,juneau,40,100,58.3,-134.42,27.59,2.71,12/10/2017
1618,fort nelson,75,78,58.81,-122.7,12.2,6.93,12/10/2017
1619,high level,40,77,58.52,-117.14,5.0,10.29,12/10/2017
1620,iqaluit,90,69,63.75,-68.51,-7.61,16.11,12/10/2017
1621,paamiut,88,100,61.99,-49.67,26.42,2.98,12/10/2017
1622,qaqortoq,75,58,60.72,-46.03,24.8,9.17,12/10/2017
1623,hofn,24,92,64.25,-15.21,42.76,31.38,12/10/2017
1624,stornoway,92,93,58.21,-6.39,51.8,23.04,12/10/2017
1625,golspie,40,93,57.97,-3.98,49.57,24.16,12/10/2017
1626,peterhead,92,87,57.51,-1.8,46.4,3.36,12/10/2017
1627,varhaug,75,100,58.61,5.65,37.4,9.17,12/10/2017
1628,kristiansand,64,100,58.15,8.0,30.2,4.7,12/10/2017
1629,kungalv,90,100,57.87,11.98,32.0,3.36,12/10/2017
1630,linkoping,80,93,58.41,15.62,34.38,5.82,12/10/2017
1631,pavilosta,88,86,56.89,21.19,38.34,8.05,12/10/2017
1632,seredka,8,100,58.16,28.19,26.6,2.24,12/10/2017
1633,parfino,64,83,57.97,31.65,25.03,2.59,12/10/2017
1634,maksatikha,88,93,57.8,35.88,23.77,11.88,12/10/2017
1635,danilov,92,93,58.19,40.17,26.6,9.8,12/10/2017
1636,makaryev,92,87,57.88,43.81,26.47,7.11,12/10/2017
1637,tuzha,76,89,57.61,47.94,19.81,7.4,12/10/2017
1638,yukamenskoye,76,77,57.89,52.24,14.95,7.11,12/10/2017
1639,kondratovo,0,56,57.98,56.11,15.8,6.85,12/10/2017
1640,nizhniy tagil,88,68,57.92,59.97,19.4,6.22,12/10/2017
1641,turinsk,48,77,58.05,63.7,16.75,5.55,12/10/2017
1642,tobolsk,64,75,58.2,68.27,8.47,6.4,12/10/2017
1643,tevriz,0,73,57.51,72.4,-2.2,5.5,12/10/2017
1644,kedrovyy,12,31,56.17,91.82,21.2,17.9,12/10/2017
1645,molchanovo,0,75,57.58,83.77,0.59,11.32,12/10/2017
1646,teguldet,0,68,57.31,88.17,5.41,8.79,12/10/2017
1647,pirovskoye,12,67,57.63,92.27,10.36,10.25,12/10/2017
1648,motygino,0,65,58.18,94.76,12.92,9.64,12/10/2017
1649,kodinsk,92,74,58.69,99.18,15.44,8.63,12/10/2017
1650,rudnogorsk,88,83,57.26,103.75,12.43,5.32,12/10/2017
1651,kirensk,76,79,57.79,108.11,5.95,4.05,12/10/2017
1652,kropotkin,92,95,45.44,40.58,39.47,3.76,12/10/2017
1653,serebryanyy bor,32,63,56.8,124.8,-15.66,3.09,12/10/2017
1654,tommot,56,71,58.96,126.29,-11.61,6.62,12/10/2017
1655,okhotsk,56,100,59.38,143.3,-14.4,8.01,12/10/2017
1656,tigil,80,79,57.8,158.67,12.02,6.51,12/10/2017
1657,palana,80,100,59.12,159.97,17.83,18.14,12/10/2017
1658,ossora,76,84,59.24,163.07,12.07,22.32,12/10/2017
1659,tilichiki,80,75,60.47,166.1,10.94,19.6,12/10/2017
1660,nome,90,100,64.5,-165.41,28.4,26.4,12/10/2017
1661,homer,40,79,59.64,-151.55,26.6,3.36,12/10/2017
1662,whitehorse,40,84,60.72,-135.05,5.0,3.36,12/10/2017
1663,hay river,40,76,60.82,-115.8,-7.61,12.75,12/10/2017
1664,yellowknife,5,75,62.46,-114.35,-16.61,9.17,12/10/2017
1665,pangnirtung,56,83,66.15,-65.71,-9.54,4.88,12/10/2017
1666,nuuk,80,85,64.18,-51.72,19.4,4.7,12/10/2017
1667,vagur,92,89,61.47,-6.81,49.15,33.13,12/10/2017
1668,stromness,0,87,58.97,-3.3,50.81,16.11,12/10/2017
1669,lerwick,92,93,60.15,-1.15,48.2,28.86,12/10/2017
1670,amot,68,76,59.57,7.99,7.84,2.3,12/10/2017
1671,skotterud,12,88,59.98,12.13,11.57,2.37,12/10/2017
1672,fagersta,8,100,60.0,15.79,27.64,1.12,12/10/2017
1673,lohja,75,100,60.25,24.07,33.8,2.24,12/10/2017
1674,narva-joesuu,88,100,59.46,28.04,28.85,6.22,12/10/2017
1675,novaya ladoga,12,94,60.1,32.3,21.97,4.99,12/10/2017
1676,vytegra,48,79,61.01,36.45,21.47,5.77,12/10/2017
1677,kharovsk,80,88,59.96,40.19,23.09,3.83,12/10/2017
1678,nyuksenitsa,80,91,60.41,44.24,22.51,2.71,12/10/2017
1679,zarya,90,94,55.76,38.1,30.79,8.95,12/10/2017
1680,lesnoy,44,76,57.62,63.08,11.89,5.28,12/10/2017
1681,kerchevskiy,92,88,59.95,56.29,21.25,6.73,12/10/2017
1682,volchansk,92,78,59.94,60.08,23.77,5.32,12/10/2017
1683,uray,88,88,60.12,64.78,23.77,6.22,12/10/2017
1684,kondinskoye,80,90,59.65,67.41,19.85,6.22,12/10/2017
1685,salym,92,85,60.06,71.48,19.9,7.4,12/10/2017
1686,megion,0,72,61.03,76.11,15.8,11.18,12/10/2017
1687,kargasok,0,73,59.06,80.86,10.85,7.29,12/10/2017
1688,belyy yar,75,84,53.6,91.39,3.2,2.26,12/10/2017
1689,teya,88,68,60.38,92.63,13.37,8.86,12/10/2017
1690,baykit,88,83,61.67,96.37,10.4,9.42,12/10/2017
1691,vanavara,76,84,60.34,102.28,8.6,6.29,12/10/2017
1692,yerbogachen,76,76,61.28,108.01,-0.63,5.88,12/10/2017
1693,vitim,76,73,59.45,112.56,2.71,6.62,12/10/2017
1694,lensk,68,73,60.73,114.93,-0.13,8.79,12/10/2017
1695,nizhniy kuranakh,64,74,58.84,125.49,-12.46,5.39,12/10/2017
1696,mokhsogollokh,56,43,61.47,128.92,-27.9,3.2,12/10/2017
1697,amga,44,66,60.9,131.96,-35.68,2.82,12/10/2017
1698,solnechnyy,0,56,50.72,136.63,-11.79,3.53,12/10/2017
1699,ust-omchug,56,51,61.15,149.63,-32.85,2.37,12/10/2017
1700,omsukchan,48,65,62.53,155.8,-24.21,4.83,12/10/2017
1701,kenai,90,100,60.55,-151.26,15.73,6.93,12/10/2017
1702,fairbanks,90,100,64.84,-147.72,19.96,3.6,12/10/2017
1703,norman wells,40,67,65.28,-126.83,-23.81,3.04,12/10/2017
1704,maniitsoq,68,100,65.42,-52.9,14.27,5.84,12/10/2017
1705,klaksvik,68,100,62.23,-6.59,48.2,9.17,12/10/2017
1706,brae,92,93,60.4,-1.35,48.2,28.86,12/10/2017
1707,floro,90,93,61.6,5.03,41.0,16.11,12/10/2017
1708,ovre ardal,92,76,61.32,7.8,7.25,1.52,12/10/2017
1709,roros,48,92,62.57,11.38,10.4,2.24,12/10/2017
1710,bollnas,0,92,61.35,16.39,22.06,4.32,12/10/2017
1711,kangasala,90,91,61.5,24.08,31.86,2.24,12/10/2017
1712,varkaus,90,94,62.33,27.87,32.0,2.24,12/10/2017
1713,suoyarvi,92,91,62.08,32.35,28.94,6.22,12/10/2017
1714,pudozh,88,91,61.81,36.53,23.68,8.52,12/10/2017
1715,shalakusha,68,81,62.22,40.25,25.25,5.77,12/10/2017
1716,mirnyy,68,61,62.54,113.96,-13.59,6.11,12/10/2017
1717,urdoma,76,85,61.75,48.54,24.31,4.5,12/10/2017
1718,kortkeros,75,92,61.81,51.58,26.6,4.47,12/10/2017
1719,troitsko-pechorsk,68,80,62.71,56.2,27.46,6.62,12/10/2017
1720,polunochnoye,88,84,60.87,60.42,21.34,3.38,12/10/2017
1721,zelenoborsk,44,88,61.47,64.03,22.33,6.62,12/10/2017
1722,oktyabrskoye,24,87,43.06,44.74,24.85,2.75,12/10/2017
1723,novoagansk,92,85,61.94,76.66,23.27,9.57,12/10/2017
1724,strezhevoy,0,72,60.73,77.59,15.8,8.95,12/10/2017
1725,turukhansk,88,86,65.82,87.98,23.59,18.14,12/10/2017
1726,tura,48,93,25.52,90.22,64.36,3.71,12/10/2017
1727,chernyshevskiy,64,78,63.01,112.47,-18.63,4.38,12/10/2017
1728,suntar,64,77,62.14,117.63,-17.86,4.72,12/10/2017
1729,verkhnevilyuysk,76,61,63.45,120.32,-21.24,4.38,12/10/2017
1730,kysyl-syr,68,41,63.9,122.76,-26.91,4.27,12/10/2017
1731,churapcha,24,0,62.0,132.43,-43.38,3.76,12/10/2017
1732,dzhebariki-khaya,32,0,62.22,135.8,-50.13,2.59,12/10/2017
1733,kholodnyy,24,0,62.72,147.95,-42.21,2.53,12/10/2017
1734,orotukan,64,65,62.27,151.7,-23.53,2.19,12/10/2017
1735,evensk,12,100,61.95,159.23,-10.03,7.34,12/10/2017
1736,anadyr,90,92,64.75,177.48,28.4,20.13,12/10/2017
1737,college,90,100,64.86,-147.8,19.94,3.6,12/10/2017
1738,mayo,90,81,38.89,-76.51,45.5,5.99,12/10/2017
1739,vestmanna,92,100,62.16,-7.17,48.2,9.17,12/10/2017
1740,sistranda,75,86,63.73,8.83,39.2,18.34,12/10/2017
1741,klaebu,90,90,63.3,10.48,37.58,5.82,12/10/2017
1742,ostersund,24,100,63.18,14.64,28.4,6.93,12/10/2017
1743,umea,90,92,63.83,20.26,26.6,9.17,12/10/2017
1744,ylivieska,48,94,64.08,24.67,24.58,3.09,12/10/2017
1745,kajaani,90,100,64.17,27.67,26.6,2.24,12/10/2017
1746,muyezerskiy,76,85,63.93,31.65,20.71,2.04,12/10/2017
1747,kodino,76,87,63.72,39.64,26.69,7.11,12/10/2017
1748,karpogory,88,79,64.0,44.45,25.03,5.61,12/10/2017
1749,blagoyevo,80,78,63.37,47.92,26.2,6.11,12/10/2017
1750,sindor,76,83,62.86,51.89,24.62,7.4,12/10/2017
1751,nizhniy odes,76,80,63.64,54.86,25.7,6.85,12/10/2017
1752,inta,80,80,66.03,60.17,27.73,9.13,12/10/2017
1753,igrim,0,79,63.19,64.42,28.22,8.01,12/10/2017
1754,muravlenko,76,86,63.79,74.52,26.83,17.4,12/10/2017
1755,gubkinskiy,88,90,64.43,76.5,28.45,17.18,12/10/2017
1756,tarko-sale,88,90,64.92,77.78,28.54,16.91,12/10/2017
1757,sangar,44,89,63.92,127.47,-40.9,4.38,12/10/2017
1758,borogontsy,24,0,62.67,131.17,-45.85,3.6,12/10/2017
1759,khandyga,32,0,62.67,135.6,-50.13,2.59,12/10/2017
1760,ust-nera,32,69,64.57,143.2,-38.38,1.86,12/10/2017
1761,shirokiy,0,54,49.76,129.52,-10.93,4.09,12/10/2017
1762,seymchan,64,74,62.88,152.43,-17.91,7.74,12/10/2017
1763,komsomolskiy,32,79,40.43,71.72,28.63,4.7,12/10/2017
1764,lavrentiya,92,93,65.58,-171.0,32.0,31.79,12/10/2017
1765,barrow,1,76,71.29,-156.79,-9.41,13.87,12/10/2017
1766,inuvik,90,75,68.35,-133.72,-15.04,4.7,12/10/2017
1767,sisimiut,76,100,66.94,-53.67,16.93,3.53,12/10/2017
1768,husavik,0,60,66.04,-17.34,41.0,13.87,12/10/2017
1769,roald,92,93,62.58,6.13,40.44,9.17,12/10/2017
1770,bronnoysund,92,100,65.46,12.2,39.2,12.75,12/10/2017
1771,rognan,75,74,67.1,15.39,35.6,16.11,12/10/2017
1772,skelleftea,32,92,64.75,20.95,23.0,1.12,12/10/2017
1773,tornio,90,92,65.85,24.13,14.0,3.36,12/10/2017
1774,zelenoborskiy,20,88,66.84,32.36,11.8,5.32,12/10/2017
1775,severodvinsk,90,92,64.56,39.83,28.4,6.71,12/10/2017
1776,kamenka,92,95,51.32,42.77,34.7,16.46,12/10/2017
1777,leshukonskoye,88,78,64.9,45.76,25.12,6.29,12/10/2017
1778,ust-tsilma,80,76,65.44,52.15,25.79,6.73,12/10/2017
1779,puteyets,80,79,65.17,57.09,27.14,6.89,12/10/2017
1780,muzhi,0,77,65.37,64.67,19.54,14.16,12/10/2017
1781,aksarka,8,85,66.56,67.8,20.89,20.38,12/10/2017
1782,nadym,0,87,65.53,72.52,23.72,16.8,12/10/2017
1783,novyy urengoy,20,89,66.08,76.63,23.09,21.72,12/10/2017
1784,urengoy,32,88,65.97,78.37,24.31,20.83,12/10/2017
1785,svetlogorsk,88,85,52.63,29.73,25.97,23.44,12/10/2017
1786,aykhal,56,36,66.0,111.5,-25.38,2.75,12/10/2017
1787,nyurba,76,60,63.28,118.33,-20.83,4.88,12/10/2017
1788,zhigansk,68,48,66.77,123.37,-29.61,5.55,12/10/2017
1789,verkhoyansk,44,0,67.54,133.38,-46.98,2.75,12/10/2017
1790,batagay,36,0,67.63,134.63,-54.18,2.3,12/10/2017
1791,zyryanka,56,52,65.75,150.85,-17.86,5.06,12/10/2017
1792,srednekolymsk,56,77,67.45,153.68,-17.91,5.06,12/10/2017
1793,cherskiy,36,77,68.75,161.3,-17.91,1.97,12/10/2017
1794,bilibino,56,87,68.05,166.44,-21.33,2.71,12/10/2017
1795,aklavik,90,75,68.22,-135.01,-13.01,4.7,12/10/2017
1796,clyde river,90,82,70.47,-68.59,-16.61,2.24,12/10/2017
1797,aasiaat,80,100,68.71,-52.87,23.72,10.25,12/10/2017
1798,qasigiannguit,64,73,68.82,-51.19,19.4,19.46,12/10/2017
1799,sorland,92,100,67.67,12.69,44.15,25.46,12/10/2017
1800,kjopsvik,92,86,68.1,16.37,30.2,9.17,12/10/2017
1801,kiruna,20,92,67.86,20.23,5.0,4.7,12/10/2017
1802,kautokeino,36,50,69.01,23.04,-4.32,2.53,12/10/2017
1803,verkhnetulomskiy,75,85,68.61,31.8,17.6,2.37,12/10/2017
1804,ostrovnoy,48,86,68.05,39.51,16.39,14.34,12/10/2017
1805,naryan-mar,56,88,67.67,53.09,24.31,17.92,12/10/2017
1806,usinsk,0,81,65.99,57.53,23.27,10.58,12/10/2017
1807,severnyy,75,97,50.68,36.55,32.0,11.18,12/10/2017
1808,yar-sale,8,87,66.83,70.83,22.69,25.23,12/10/2017
1809,tazovskiy,76,88,67.47,78.7,25.07,23.4,12/10/2017
1810,snezhnogorsk,75,85,69.19,33.25,17.6,3.27,12/10/2017
1811,khatanga,76,74,71.97,102.5,9.95,3.31,12/10/2017
1812,udachnyy,64,55,66.42,112.4,-20.11,3.09,12/10/2017
1813,batagay-alyta,12,60,67.8,130.41,-35.37,2.3,12/10/2017
1814,deputatskiy,44,51,69.3,139.9,-31.86,3.04,12/10/2017
1815,belaya gora,56,66,68.53,146.42,-22.45,5.28,12/10/2017
1816,leningradskiy,76,89,69.38,178.42,12.61,28.48,12/10/2017
1817,tuktoyaktuk,5,82,69.45,-133.04,-16.61,4.7,12/10/2017
1818,upernavik,80,100,72.79,-56.15,14.14,11.54,12/10/2017
1819,ilulissat,64,73,69.22,-51.1,19.4,19.46,12/10/2017
1820,bud,20,86,39.45,-86.18,41.61,11.41,12/10/2017
1821,gravdal,80,100,68.12,13.5,43.97,24.23,12/10/2017
1822,andenes,92,100,69.31,16.12,37.4,21.92,12/10/2017
1823,lyngseidet,75,74,69.58,20.22,33.8,10.29,12/10/2017
1824,rypefjord,0,79,70.63,23.67,28.4,4.7,12/10/2017
1825,mehamn,80,97,71.04,27.85,29.98,5.77,12/10/2017
1826,pechenga,0,92,69.53,31.17,6.8,9.17,12/10/2017
1827,iskateley,76,89,67.68,53.15,25.03,18.52,12/10/2017
1828,talnakh,88,94,69.49,88.4,18.77,9.24,12/10/2017
1829,saskylakh,80,85,71.92,114.08,-14.26,7.63,12/10/2017
1830,tiksi,20,0,71.69,128.87,-41.8,3.2,12/10/2017
1831,ust-kuyga,64,82,70.02,135.6,-39.42,3.76,12/10/2017
1832,chokurdakh,64,65,70.63,147.92,-14.4,7.29,12/10/2017
1833,pevek,36,78,69.7,170.31,4.42,20.04,12/10/2017
1834,skjervoy,24,100,70.03,20.97,33.94,10.58,12/10/2017
1835,havoysund,0,79,71.0,24.66,28.4,4.7,12/10/2017
1836,vardo,24,100,70.37,31.11,33.67,11.36,12/10/2017
1837,dikson,80,99,73.51,80.55,14.77,22.84,12/10/2017
1838,qaanaaq,32,93,77.48,-69.36,-8.68,7.0,12/10/2017
1839,narsaq,75,58,60.92,-46.05,24.8,9.17,12/10/2017
1840,longyearbyen,75,63,78.22,15.64,28.4,14.99,12/10/2017
1841,sovetskiy,36,82,61.36,63.58,21.79,6.33,12/10/2017
1842,berlevag,88,100,70.86,29.09,26.02,4.09,12/10/2017
